Terminals which are not used

   POUND
   THEN
   NULL_TOK
   SIMULT
   PATTERN
   CODE
   TRANSPORT
   HOST
   TIME
   WHENEVER
   NEXT
   EVERY
   BEFORE
   AFTER
   AT
   S_CHUCK
   LEFT_S_CHUCK
   CONST


State 56 conflicts: 42 shift/reduce
State 124 conflicts: 1 shift/reduce
State 207 conflicts: 1 shift/reduce
State 282 conflicts: 1 shift/reduce
State 331 conflicts: 1 shift/reduce
State 354 conflicts: 42 shift/reduce


Grammar

    0 $accept: program $end

    1 program: program_section
    2        | program program_section

    3 program_section: statement_list
    4                | function_definition
    5                | class_definition

    6 class_definition: class_decl CLASS id_list LBRACE class_body RBRACE
    7                 | class_decl CLASS id_list class_ext LBRACE class_body RBRACE
    8                 | class_decl INTERFACE id_list LBRACE class_body RBRACE
    9                 | class_decl INTERFACE id_list iface_ext LBRACE class_body RBRACE

   10 class_ext: IMPLEMENTS id_list
   11          | IMPLEMENTS id_list EXTENDS id_dot
   12          | EXTENDS id_dot
   13          | EXTENDS id_dot IMPLEMENTS id_list

   14 class_body: class_body2
   15           | /* empty */

   16 class_body2: class_section
   17            | class_section class_body2

   18 class_section: statement_list
   19              | function_definition
   20              | class_definition

   21 iface_ext: EXTENDS id_list

   22 id_list: ID
   23        | ID COMMA id_list

   24 id_dot: ID
   25       | ID DOT id_dot

   26 function_definition: function_decl static_decl type_decl2 ID LPAREN arg_list RPAREN code_segment
   27                    | function_decl static_decl type_decl2 ID LPAREN RPAREN code_segment
   28                    | function_decl static_decl ID LPAREN arg_list RPAREN code_segment
   29                    | function_decl static_decl ID LPAREN RPAREN code_segment
   30                    | function_decl AT_CTOR LPAREN arg_list RPAREN code_segment
   31                    | function_decl AT_CTOR LPAREN RPAREN code_segment
   32                    | function_decl AT_DTOR LPAREN RPAREN code_segment
   33                    | function_decl AT_DTOR LPAREN arg_list RPAREN code_segment
   34                    | function_decl static_decl type_decl2 ID LPAREN arg_list RPAREN SEMICOLON
   35                    | function_decl static_decl type_decl2 ID LPAREN RPAREN SEMICOLON
   36                    | function_decl static_decl type_decl2 AT_OP overloadable_operator LPAREN arg_list RPAREN code_segment
   37                    | function_decl static_decl type_decl2 AT_OP LPAREN arg_list RPAREN overloadable_operator code_segment
   38                    | function_decl static_decl type_decl2 AT_OP LPAREN overloadable_operator RPAREN LPAREN arg_list RPAREN code_segment
   39                    | function_decl static_decl type_decl2 AT_OP LPAREN arg_list RPAREN LPAREN overloadable_operator RPAREN code_segment

   40 class_decl: PUBLIC
   41           | PRIVATE
   42           | /* empty */

   43 function_decl: FUNCTION
   44              | PUBLIC
   45              | PROTECTED
   46              | PRIVATE

   47 static_decl: STATIC
   48            | ABSTRACT
   49            | /* empty */

   50 type_decl_a: ID
   51            | ID AT_SYM

   52 type_decl_b: LT id_dot GT
   53            | LT id_dot GT AT_SYM

   54 type_decl: type_decl_a
   55          | type_decl_b

   56 type_decl2: type_decl
   57           | type_decl array_empty

   58 arg_list: type_decl var_decl
   59         | type_decl var_decl COMMA arg_list

   60 statement_list: statement
   61               | statement_list statement

   62 statement: expression_statement
   63          | loop_statement
   64          | selection_statement
   65          | jump_statement
   66          | code_segment
   67          | import_statement
   68          | doc_statement
   69          | example_statement

   70 jump_statement: RETURN SEMICOLON
   71               | RETURN expression SEMICOLON
   72               | BREAK SEMICOLON
   73               | CONTINUE SEMICOLON

   74 selection_statement: IF LPAREN expression RPAREN statement
   75                    | IF LPAREN expression RPAREN statement ELSE statement

   76 loop_statement: WHILE LPAREN expression RPAREN statement
   77               | DO statement WHILE LPAREN expression RPAREN SEMICOLON
   78               | FOR LPAREN expression_statement expression_statement RPAREN statement
   79               | FOR LPAREN expression_statement expression_statement expression RPAREN statement
   80               | FOR LPAREN expression COLON expression RPAREN statement
   81               | UNTIL LPAREN expression RPAREN statement
   82               | DO statement UNTIL LPAREN expression RPAREN SEMICOLON
   83               | LOOP LPAREN expression RPAREN statement

   84 code_segment: LBRACE RBRACE
   85             | LBRACE statement_list RBRACE

   86 import_statement: AT_IMPORT import_target
   87                 | AT_IMPORT LBRACK RBRACK
   88                 | AT_IMPORT LBRACE RBRACE
   89                 | AT_IMPORT LBRACK import_list LBRACK
   90                 | AT_IMPORT LBRACE import_list RBRACE

   91 import_list: import_target
   92            | import_target COMMA import_list

   93 import_target: STRING_LIT

   94 doc_statement: AT_DOC doc_target
   95              | AT_DOC LBRACK doc_list RBRACK
   96              | AT_DOC LBRACE doc_list RBRACE

   97 doc_list: doc_target
   98         | doc_target COMMA doc_list

   99 doc_target: STRING_LIT

  100 example_statement: AT_EXAMPLE example_target
  101                  | AT_EXAMPLE LBRACK example_list RBRACK
  102                  | AT_EXAMPLE LBRACE example_list RBRACE

  103 example_list: example_target
  104             | example_target COMMA example_list

  105 example_target: STRING_LIT

  106 expression_statement: SEMICOLON
  107                     | expression SEMICOLON

  108 expression: chuck_expression
  109           | expression COMMA chuck_expression

  110 chuck_expression: arrow_expression
  111                 | chuck_expression chuck_operator arrow_expression

  112 arrow_expression: decl_expression
  113                 | arrow_expression arrow_operator decl_expression

  114 array_exp: LBRACK expression RBRACK
  115          | LBRACK expression COMMA RBRACK
  116          | LBRACK expression RBRACK array_exp
  117          | LBRACK expression COMMA RBRACK array_exp

  118 array_empty: LBRACK RBRACK
  119            | array_empty LBRACK RBRACK

  120 decl_expression: conditional_expression
  121                | type_decl var_decl_list
  122                | EXTERNAL type_decl var_decl_list
  123                | GLOBAL type_decl var_decl_list
  124                | STATIC type_decl var_decl_list
  125                | SAME var_decl_list
  126                | STATIC SAME var_decl_list

  127 var_decl_list: var_decl
  128              | var_decl COMMA var_decl_list

  129 var_decl: ID
  130         | ID array_exp
  131         | ID array_empty
  132         | ID LPAREN RPAREN
  133         | ID LPAREN expression RPAREN
  134         | ID LPAREN RPAREN array_exp
  135         | ID LPAREN expression RPAREN array_exp

  136 complex_exp: POUNDPAREN expression RPAREN

  137 polar_exp: PERCENTPAREN expression RPAREN

  138 vec_exp: ATPAREN expression RPAREN

  139 chuck_operator: CHUCK
  140               | AT_CHUCK
  141               | PLUS_CHUCK
  142               | MINUS_CHUCK
  143               | TIMES_CHUCK
  144               | DIVIDE_CHUCK
  145               | SHIFT_RIGHT_CHUCK
  146               | SHIFT_LEFT_CHUCK
  147               | PERCENT_CHUCK
  148               | UNCHUCK
  149               | UPCHUCK
  150               | DOWNCHUCK
  151               | S_AND_CHUCK
  152               | S_OR_CHUCK
  153               | S_XOR_CHUCK

  154 arrow_operator: ARROW_LEFT
  155               | ARROW_RIGHT
  156               | GRUCK_LEFT
  157               | GRUCK_RIGHT
  158               | UNGRUCK_LEFT
  159               | UNGRUCK_RIGHT

  160 conditional_expression: logical_or_expression
  161                       | logical_or_expression QUESTION expression COLON conditional_expression

  162 logical_or_expression: logical_and_expression
  163                      | logical_or_expression OR logical_and_expression

  164 logical_and_expression: inclusive_or_expression
  165                       | logical_and_expression AND inclusive_or_expression

  166 inclusive_or_expression: exclusive_or_expression
  167                        | inclusive_or_expression S_OR exclusive_or_expression

  168 exclusive_or_expression: and_expression
  169                        | exclusive_or_expression S_XOR and_expression

  170 and_expression: equality_expression
  171               | and_expression S_AND equality_expression

  172 equality_expression: relational_expression
  173                    | equality_expression EQ relational_expression
  174                    | equality_expression NEQ relational_expression

  175 relational_expression: shift_expression
  176                      | relational_expression LT shift_expression
  177                      | relational_expression GT shift_expression
  178                      | relational_expression LE shift_expression
  179                      | relational_expression GE shift_expression

  180 shift_expression: additive_expression
  181                 | shift_expression SHIFT_LEFT additive_expression
  182                 | shift_expression SHIFT_RIGHT additive_expression

  183 additive_expression: multiplicative_expression
  184                    | additive_expression PLUS multiplicative_expression
  185                    | additive_expression MINUS multiplicative_expression

  186 multiplicative_expression: tilda_expression
  187                          | multiplicative_expression TIMES tilda_expression
  188                          | multiplicative_expression DIVIDE tilda_expression
  189                          | multiplicative_expression PERCENT tilda_expression

  190 tilda_expression: cast_expression
  191                 | tilda_expression TILDA cast_expression

  192 cast_expression: unary_expression
  193                | cast_expression DOLLAR type_decl

  194 unary_expression: dur_expression
  195                 | PLUSPLUS unary_expression
  196                 | MINUSMINUS unary_expression
  197                 | unary_operator unary_expression
  198                 | TYPEOF unary_expression
  199                 | SIZEOF unary_expression
  200                 | NEW type_decl
  201                 | NEW type_decl array_exp
  202                 | NEW type_decl LPAREN RPAREN
  203                 | NEW type_decl LPAREN expression RPAREN
  204                 | NEW type_decl LPAREN RPAREN array_exp
  205                 | NEW type_decl LPAREN expression RPAREN array_exp

  206 unary_operator: PLUS
  207               | MINUS
  208               | TILDA
  209               | EXCLAMATION
  210               | TIMES
  211               | SPORK TILDA
  212               | DOWNCHUCK

  213 overloadable_operator: CHUCK
  214                      | PLUS
  215                      | MINUS
  216                      | TIMES
  217                      | DIVIDE
  218                      | PERCENT
  219                      | EQ
  220                      | NEQ
  221                      | LT
  222                      | LE
  223                      | GT
  224                      | GE
  225                      | AND
  226                      | OR
  227                      | ASSIGN
  228                      | EXCLAMATION
  229                      | S_OR
  230                      | S_AND
  231                      | S_XOR
  232                      | PLUSPLUS
  233                      | MINUSMINUS
  234                      | DOLLAR
  235                      | ATAT_SYM
  236                      | PLUS_CHUCK
  237                      | MINUS_CHUCK
  238                      | TIMES_CHUCK
  239                      | DIVIDE_CHUCK
  240                      | S_AND_CHUCK
  241                      | S_OR_CHUCK
  242                      | S_XOR_CHUCK
  243                      | SHIFT_RIGHT_CHUCK
  244                      | SHIFT_LEFT_CHUCK
  245                      | PERCENT_CHUCK
  246                      | SHIFT_RIGHT
  247                      | SHIFT_LEFT
  248                      | TILDA
  249                      | COLONCOLON
  250                      | AT_CHUCK
  251                      | UNCHUCK
  252                      | UPCHUCK
  253                      | DOWNCHUCK
  254                      | ARROW_RIGHT
  255                      | ARROW_LEFT
  256                      | GRUCK_RIGHT
  257                      | GRUCK_LEFT
  258                      | UNGRUCK_RIGHT
  259                      | UNGRUCK_LEFT

  260 dur_expression: postfix_expression
  261               | dur_expression COLONCOLON postfix_expression

  262 postfix_expression: primary_expression
  263                   | postfix_expression array_exp
  264                   | postfix_expression LPAREN RPAREN
  265                   | postfix_expression LPAREN expression RPAREN
  266                   | postfix_expression DOT ID
  267                   | postfix_expression PLUSPLUS
  268                   | postfix_expression MINUSMINUS

  269 primary_expression: ID
  270                   | INT_VAL
  271                   | FLOAT_VAL
  272                   | STRING_LIT
  273                   | CHAR_LIT
  274                   | array_exp
  275                   | complex_exp
  276                   | polar_exp
  277                   | vec_exp
  278                   | L_HACK expression R_HACK
  279                   | LPAREN expression RPAREN
  280                   | LPAREN RPAREN


Terminals, with rules where they appear

$end (0) 0
error (256)
ID (258) 22 23 24 25 26 27 28 29 34 35 50 51 129 130 131 132 133 134
    135 266 269
STRING_LIT (259) 93 99 105 272
CHAR_LIT (260) 273
INT_VAL (261) 270
FLOAT_VAL (262) 271
POUND (263)
COMMA (264) 23 59 92 98 104 109 115 117 128
COLON (265) 80 161
SEMICOLON (266) 34 35 70 71 72 73 77 82 106 107
LPAREN (267) 26 27 28 29 30 31 32 33 34 35 36 37 38 39 74 75 76 77
    78 79 80 81 82 83 132 133 134 135 202 203 204 205 264 265 279 280
RPAREN (268) 26 27 28 29 30 31 32 33 34 35 36 37 38 39 74 75 76 77
    78 79 80 81 82 83 132 133 134 135 136 137 138 202 203 204 205 264
    265 279 280
LBRACK (269) 87 89 95 101 114 115 116 117 118 119
RBRACK (270) 87 95 101 114 115 116 117 118 119
LBRACE (271) 6 7 8 9 84 85 88 90 96 102
RBRACE (272) 6 7 8 9 84 85 88 90 96 102
DOT (273) 25 266
PLUS (274) 184 206 214
MINUS (275) 185 207 215
TIMES (276) 187 210 216
DIVIDE (277) 188 217
PERCENT (278) 189 218
EQ (279) 173 219
NEQ (280) 174 220
LT (281) 52 53 176 221
LE (282) 178 222
GT (283) 52 53 177 223
GE (284) 179 224
AND (285) 165 225
OR (286) 163 226
ASSIGN (287) 227
IF (288) 74 75
THEN (289)
ELSE (290) 75
WHILE (291) 76 77
FOR (292) 78 79 80
DO (293) 77 82
LOOP (294) 83
BREAK (295) 72
CONTINUE (296) 73
NULL_TOK (297)
FUNCTION (298) 43
RETURN (299) 70 71
QUESTION (300) 161
EXCLAMATION (301) 209 228
S_OR (302) 167 229
S_AND (303) 171 230
S_XOR (304) 169 231
PLUSPLUS (305) 195 232 267
MINUSMINUS (306) 196 233 268
DOLLAR (307) 193 234
POUNDPAREN (308) 136
PERCENTPAREN (309) 137
ATPAREN (310) 138
SIMULT (311)
PATTERN (312)
CODE (313)
TRANSPORT (314)
HOST (315)
TIME (316)
WHENEVER (317)
NEXT (318)
UNTIL (319) 81 82
EXTERNAL (320) 122
GLOBAL (321) 123
EVERY (322)
BEFORE (323)
AFTER (324)
AT (325)
AT_SYM (326) 51 53
ATAT_SYM (327) 235
NEW (328) 200 201 202 203 204 205
SIZEOF (329) 199
TYPEOF (330) 198
SAME (331) 125 126
PLUS_CHUCK (332) 141 236
MINUS_CHUCK (333) 142 237
TIMES_CHUCK (334) 143 238
DIVIDE_CHUCK (335) 144 239
S_AND_CHUCK (336) 151 240
S_OR_CHUCK (337) 152 241
S_XOR_CHUCK (338) 153 242
SHIFT_RIGHT_CHUCK (339) 145 243
SHIFT_LEFT_CHUCK (340) 146 244
PERCENT_CHUCK (341) 147 245
SHIFT_RIGHT (342) 182 246
SHIFT_LEFT (343) 181 247
TILDA (344) 191 208 211 248
CHUCK (345) 139 213
COLONCOLON (346) 249 261
S_CHUCK (347)
AT_CHUCK (348) 140 250
LEFT_S_CHUCK (349)
UNCHUCK (350) 148 251
UPCHUCK (351) 149 252
DOWNCHUCK (352) 150 212 253
CLASS (353) 6 7
INTERFACE (354) 8 9
EXTENDS (355) 11 12 13 21
IMPLEMENTS (356) 10 11 13
PUBLIC (357) 40 44
PROTECTED (358) 45
PRIVATE (359) 41 46
STATIC (360) 47 124 126
ABSTRACT (361) 48
CONST (362)
SPORK (363) 211
ARROW_RIGHT (364) 155 254
ARROW_LEFT (365) 154 255
L_HACK (366) 278
R_HACK (367) 278
GRUCK_RIGHT (368) 157 256
GRUCK_LEFT (369) 156 257
UNGRUCK_RIGHT (370) 159 258
UNGRUCK_LEFT (371) 158 259
AT_OP (372) 36 37 38 39
AT_CTOR (373) 30 31
AT_DTOR (374) 32 33
AT_IMPORT (375) 86 87 88 89 90
AT_DOC (376) 94 95 96
AT_EXAMPLE (377) 100 101 102


Nonterminals, with rules where they appear

$accept (123)
    on left: 0
program (124)
    on left: 1 2, on right: 0 2
program_section (125)
    on left: 3 4 5, on right: 1 2
class_definition (126)
    on left: 6 7 8 9, on right: 5 20
class_ext (127)
    on left: 10 11 12 13, on right: 7
class_body (128)
    on left: 14 15, on right: 6 7 8 9
class_body2 (129)
    on left: 16 17, on right: 14 17
class_section (130)
    on left: 18 19 20, on right: 16 17
iface_ext (131)
    on left: 21, on right: 9
id_list (132)
    on left: 22 23, on right: 6 7 8 9 10 11 13 21 23
id_dot (133)
    on left: 24 25, on right: 11 12 13 25 52 53
function_definition (134)
    on left: 26 27 28 29 30 31 32 33 34 35 36 37 38 39,
    on right: 4 19
class_decl (135)
    on left: 40 41 42, on right: 6 7 8 9
function_decl (136)
    on left: 43 44 45 46, on right: 26 27 28 29 30 31 32 33 34 35 36
    37 38 39
static_decl (137)
    on left: 47 48 49, on right: 26 27 28 29 34 35 36 37 38 39
type_decl_a (138)
    on left: 50 51, on right: 54
type_decl_b (139)
    on left: 52 53, on right: 55
type_decl (140)
    on left: 54 55, on right: 56 57 58 59 121 122 123 124 193 200 201
    202 203 204 205
type_decl2 (141)
    on left: 56 57, on right: 26 27 34 35 36 37 38 39
arg_list (142)
    on left: 58 59, on right: 26 28 30 33 34 36 37 38 39 59
statement_list (143)
    on left: 60 61, on right: 3 18 61 85
statement (144)
    on left: 62 63 64 65 66 67 68 69, on right: 60 61 74 75 76 77 78
    79 80 81 82 83
jump_statement (145)
    on left: 70 71 72 73, on right: 65
selection_statement (146)
    on left: 74 75, on right: 64
loop_statement (147)
    on left: 76 77 78 79 80 81 82 83, on right: 63
code_segment (148)
    on left: 84 85, on right: 26 27 28 29 30 31 32 33 36 37 38 39 66
import_statement (149)
    on left: 86 87 88 89 90, on right: 67
import_list (150)
    on left: 91 92, on right: 89 90 92
import_target (151)
    on left: 93, on right: 86 91 92
doc_statement (152)
    on left: 94 95 96, on right: 68
doc_list (153)
    on left: 97 98, on right: 95 96 98
doc_target (154)
    on left: 99, on right: 94 97 98
example_statement (155)
    on left: 100 101 102, on right: 69
example_list (156)
    on left: 103 104, on right: 101 102 104
example_target (157)
    on left: 105, on right: 100 103 104
expression_statement (158)
    on left: 106 107, on right: 62 78 79
expression (159)
    on left: 108 109, on right: 71 74 75 76 77 79 80 81 82 83 107 109
    114 115 116 117 133 135 136 137 138 161 203 205 265 278 279
chuck_expression (160)
    on left: 110 111, on right: 108 109 111
arrow_expression (161)
    on left: 112 113, on right: 110 111 113
array_exp (162)
    on left: 114 115 116 117, on right: 116 117 130 134 135 201 204
    205 263 274
array_empty (163)
    on left: 118 119, on right: 57 119 131
decl_expression (164)
    on left: 120 121 122 123 124 125 126, on right: 112 113
var_decl_list (165)
    on left: 127 128, on right: 121 122 123 124 125 126 128
var_decl (166)
    on left: 129 130 131 132 133 134 135, on right: 58 59 127 128
complex_exp (167)
    on left: 136, on right: 275
polar_exp (168)
    on left: 137, on right: 276
vec_exp (169)
    on left: 138, on right: 277
chuck_operator (170)
    on left: 139 140 141 142 143 144 145 146 147 148 149 150 151 152
    153, on right: 111
arrow_operator (171)
    on left: 154 155 156 157 158 159, on right: 113
conditional_expression (172)
    on left: 160 161, on right: 120 161
logical_or_expression (173)
    on left: 162 163, on right: 160 161 163
logical_and_expression (174)
    on left: 164 165, on right: 162 163 165
inclusive_or_expression (175)
    on left: 166 167, on right: 164 165 167
exclusive_or_expression (176)
    on left: 168 169, on right: 166 167 169
and_expression (177)
    on left: 170 171, on right: 168 169 171
equality_expression (178)
    on left: 172 173 174, on right: 170 171 173 174
relational_expression (179)
    on left: 175 176 177 178 179, on right: 172 173 174 176 177 178
    179
shift_expression (180)
    on left: 180 181 182, on right: 175 176 177 178 179 181 182
additive_expression (181)
    on left: 183 184 185, on right: 180 181 182 184 185
multiplicative_expression (182)
    on left: 186 187 188 189, on right: 183 184 185 187 188 189
tilda_expression (183)
    on left: 190 191, on right: 186 187 188 189 191
cast_expression (184)
    on left: 192 193, on right: 190 191 193
unary_expression (185)
    on left: 194 195 196 197 198 199 200 201 202 203 204 205,
    on right: 192 195 196 197 198 199
unary_operator (186)
    on left: 206 207 208 209 210 211 212, on right: 197
overloadable_operator (187)
    on left: 213 214 215 216 217 218 219 220 221 222 223 224 225 226
    227 228 229 230 231 232 233 234 235 236 237 238 239 240 241 242
    243 244 245 246 247 248 249 250 251 252 253 254 255 256 257 258
    259, on right: 36 37 38 39
dur_expression (188)
    on left: 260 261, on right: 194 261
postfix_expression (189)
    on left: 262 263 264 265 266 267 268, on right: 260 261 263 264
    265 266 267 268
primary_expression (190)
    on left: 269 270 271 272 273 274 275 276 277 278 279 280,
    on right: 262


state 0

    0 $accept: . program $end

    ID            shift, and go to state 1
    STRING_LIT    shift, and go to state 2
    CHAR_LIT      shift, and go to state 3
    INT_VAL       shift, and go to state 4
    FLOAT_VAL     shift, and go to state 5
    SEMICOLON     shift, and go to state 6
    LPAREN        shift, and go to state 7
    LBRACK        shift, and go to state 8
    LBRACE        shift, and go to state 9
    PLUS          shift, and go to state 10
    MINUS         shift, and go to state 11
    TIMES         shift, and go to state 12
    LT            shift, and go to state 13
    IF            shift, and go to state 14
    WHILE         shift, and go to state 15
    FOR           shift, and go to state 16
    DO            shift, and go to state 17
    LOOP          shift, and go to state 18
    BREAK         shift, and go to state 19
    CONTINUE      shift, and go to state 20
    FUNCTION      shift, and go to state 21
    RETURN        shift, and go to state 22
    EXCLAMATION   shift, and go to state 23
    PLUSPLUS      shift, and go to state 24
    MINUSMINUS    shift, and go to state 25
    POUNDPAREN    shift, and go to state 26
    PERCENTPAREN  shift, and go to state 27
    ATPAREN       shift, and go to state 28
    UNTIL         shift, and go to state 29
    EXTERNAL      shift, and go to state 30
    GLOBAL        shift, and go to state 31
    NEW           shift, and go to state 32
    SIZEOF        shift, and go to state 33
    TYPEOF        shift, and go to state 34
    SAME          shift, and go to state 35
    TILDA         shift, and go to state 36
    DOWNCHUCK     shift, and go to state 37
    PUBLIC        shift, and go to state 38
    PROTECTED     shift, and go to state 39
    PRIVATE       shift, and go to state 40
    STATIC        shift, and go to state 41
    SPORK         shift, and go to state 42
    L_HACK        shift, and go to state 43
    AT_IMPORT     shift, and go to state 44
    AT_DOC        shift, and go to state 45
    AT_EXAMPLE    shift, and go to state 46

    $default  reduce using rule 42 (class_decl)

    program                    go to state 47
    program_section            go to state 48
    class_definition           go to state 49
    function_definition        go to state 50
    class_decl                 go to state 51
    function_decl              go to state 52
    type_decl_a                go to state 53
    type_decl_b                go to state 54
    type_decl                  go to state 55
    statement_list             go to state 56
    statement                  go to state 57
    jump_statement             go to state 58
    selection_statement        go to state 59
    loop_statement             go to state 60
    code_segment               go to state 61
    import_statement           go to state 62
    doc_statement              go to state 63
    example_statement          go to state 64
    expression_statement       go to state 65
    expression                 go to state 66
    chuck_expression           go to state 67
    arrow_expression           go to state 68
    array_exp                  go to state 69
    decl_expression            go to state 70
    complex_exp                go to state 71
    polar_exp                  go to state 72
    vec_exp                    go to state 73
    conditional_expression     go to state 74
    logical_or_expression      go to state 75
    logical_and_expression     go to state 76
    inclusive_or_expression    go to state 77
    exclusive_or_expression    go to state 78
    and_expression             go to state 79
    equality_expression        go to state 80
    relational_expression      go to state 81
    shift_expression           go to state 82
    additive_expression        go to state 83
    multiplicative_expression  go to state 84
    tilda_expression           go to state 85
    cast_expression            go to state 86
    unary_expression           go to state 87
    unary_operator             go to state 88
    dur_expression             go to state 89
    postfix_expression         go to state 90
    primary_expression         go to state 91


state 1

   50 type_decl_a: ID .
   51            | ID . AT_SYM
  269 primary_expression: ID .

    AT_SYM  shift, and go to state 92

    ID        reduce using rule 50 (type_decl_a)
    $default  reduce using rule 269 (primary_expression)


state 2

  272 primary_expression: STRING_LIT .

    $default  reduce using rule 272 (primary_expression)


state 3

  273 primary_expression: CHAR_LIT .

    $default  reduce using rule 273 (primary_expression)


state 4

  270 primary_expression: INT_VAL .

    $default  reduce using rule 270 (primary_expression)


state 5

  271 primary_expression: FLOAT_VAL .

    $default  reduce using rule 271 (primary_expression)


state 6

  106 expression_statement: SEMICOLON .

    $default  reduce using rule 106 (expression_statement)


state 7

  279 primary_expression: LPAREN . expression RPAREN
  280                   | LPAREN . RPAREN

    ID            shift, and go to state 1
    STRING_LIT    shift, and go to state 2
    CHAR_LIT      shift, and go to state 3
    INT_VAL       shift, and go to state 4
    FLOAT_VAL     shift, and go to state 5
    LPAREN        shift, and go to state 7
    RPAREN        shift, and go to state 93
    LBRACK        shift, and go to state 8
    PLUS          shift, and go to state 10
    MINUS         shift, and go to state 11
    TIMES         shift, and go to state 12
    LT            shift, and go to state 13
    EXCLAMATION   shift, and go to state 23
    PLUSPLUS      shift, and go to state 24
    MINUSMINUS    shift, and go to state 25
    POUNDPAREN    shift, and go to state 26
    PERCENTPAREN  shift, and go to state 27
    ATPAREN       shift, and go to state 28
    EXTERNAL      shift, and go to state 30
    GLOBAL        shift, and go to state 31
    NEW           shift, and go to state 32
    SIZEOF        shift, and go to state 33
    TYPEOF        shift, and go to state 34
    SAME          shift, and go to state 35
    TILDA         shift, and go to state 36
    DOWNCHUCK     shift, and go to state 37
    STATIC        shift, and go to state 41
    SPORK         shift, and go to state 42
    L_HACK        shift, and go to state 43

    type_decl_a                go to state 53
    type_decl_b                go to state 54
    type_decl                  go to state 55
    expression                 go to state 94
    chuck_expression           go to state 67
    arrow_expression           go to state 68
    array_exp                  go to state 69
    decl_expression            go to state 70
    complex_exp                go to state 71
    polar_exp                  go to state 72
    vec_exp                    go to state 73
    conditional_expression     go to state 74
    logical_or_expression      go to state 75
    logical_and_expression     go to state 76
    inclusive_or_expression    go to state 77
    exclusive_or_expression    go to state 78
    and_expression             go to state 79
    equality_expression        go to state 80
    relational_expression      go to state 81
    shift_expression           go to state 82
    additive_expression        go to state 83
    multiplicative_expression  go to state 84
    tilda_expression           go to state 85
    cast_expression            go to state 86
    unary_expression           go to state 87
    unary_operator             go to state 88
    dur_expression             go to state 89
    postfix_expression         go to state 90
    primary_expression         go to state 91


state 8

  114 array_exp: LBRACK . expression RBRACK
  115          | LBRACK . expression COMMA RBRACK
  116          | LBRACK . expression RBRACK array_exp
  117          | LBRACK . expression COMMA RBRACK array_exp

    ID            shift, and go to state 1
    STRING_LIT    shift, and go to state 2
    CHAR_LIT      shift, and go to state 3
    INT_VAL       shift, and go to state 4
    FLOAT_VAL     shift, and go to state 5
    LPAREN        shift, and go to state 7
    LBRACK        shift, and go to state 8
    PLUS          shift, and go to state 10
    MINUS         shift, and go to state 11
    TIMES         shift, and go to state 12
    LT            shift, and go to state 13
    EXCLAMATION   shift, and go to state 23
    PLUSPLUS      shift, and go to state 24
    MINUSMINUS    shift, and go to state 25
    POUNDPAREN    shift, and go to state 26
    PERCENTPAREN  shift, and go to state 27
    ATPAREN       shift, and go to state 28
    EXTERNAL      shift, and go to state 30
    GLOBAL        shift, and go to state 31
    NEW           shift, and go to state 32
    SIZEOF        shift, and go to state 33
    TYPEOF        shift, and go to state 34
    SAME          shift, and go to state 35
    TILDA         shift, and go to state 36
    DOWNCHUCK     shift, and go to state 37
    STATIC        shift, and go to state 41
    SPORK         shift, and go to state 42
    L_HACK        shift, and go to state 43

    type_decl_a                go to state 53
    type_decl_b                go to state 54
    type_decl                  go to state 55
    expression                 go to state 95
    chuck_expression           go to state 67
    arrow_expression           go to state 68
    array_exp                  go to state 69
    decl_expression            go to state 70
    complex_exp                go to state 71
    polar_exp                  go to state 72
    vec_exp                    go to state 73
    conditional_expression     go to state 74
    logical_or_expression      go to state 75
    logical_and_expression     go to state 76
    inclusive_or_expression    go to state 77
    exclusive_or_expression    go to state 78
    and_expression             go to state 79
    equality_expression        go to state 80
    relational_expression      go to state 81
    shift_expression           go to state 82
    additive_expression        go to state 83
    multiplicative_expression  go to state 84
    tilda_expression           go to state 85
    cast_expression            go to state 86
    unary_expression           go to state 87
    unary_operator             go to state 88
    dur_expression             go to state 89
    postfix_expression         go to state 90
    primary_expression         go to state 91


state 9

   84 code_segment: LBRACE . RBRACE
   85             | LBRACE . statement_list RBRACE

    ID            shift, and go to state 1
    STRING_LIT    shift, and go to state 2
    CHAR_LIT      shift, and go to state 3
    INT_VAL       shift, and go to state 4
    FLOAT_VAL     shift, and go to state 5
    SEMICOLON     shift, and go to state 6
    LPAREN        shift, and go to state 7
    LBRACK        shift, and go to state 8
    LBRACE        shift, and go to state 9
    RBRACE        shift, and go to state 96
    PLUS          shift, and go to state 10
    MINUS         shift, and go to state 11
    TIMES         shift, and go to state 12
    LT            shift, and go to state 13
    IF            shift, and go to state 14
    WHILE         shift, and go to state 15
    FOR           shift, and go to state 16
    DO            shift, and go to state 17
    LOOP          shift, and go to state 18
    BREAK         shift, and go to state 19
    CONTINUE      shift, and go to state 20
    RETURN        shift, and go to state 22
    EXCLAMATION   shift, and go to state 23
    PLUSPLUS      shift, and go to state 24
    MINUSMINUS    shift, and go to state 25
    POUNDPAREN    shift, and go to state 26
    PERCENTPAREN  shift, and go to state 27
    ATPAREN       shift, and go to state 28
    UNTIL         shift, and go to state 29
    EXTERNAL      shift, and go to state 30
    GLOBAL        shift, and go to state 31
    NEW           shift, and go to state 32
    SIZEOF        shift, and go to state 33
    TYPEOF        shift, and go to state 34
    SAME          shift, and go to state 35
    TILDA         shift, and go to state 36
    DOWNCHUCK     shift, and go to state 37
    STATIC        shift, and go to state 41
    SPORK         shift, and go to state 42
    L_HACK        shift, and go to state 43
    AT_IMPORT     shift, and go to state 44
    AT_DOC        shift, and go to state 45
    AT_EXAMPLE    shift, and go to state 46

    type_decl_a                go to state 53
    type_decl_b                go to state 54
    type_decl                  go to state 55
    statement_list             go to state 97
    statement                  go to state 57
    jump_statement             go to state 58
    selection_statement        go to state 59
    loop_statement             go to state 60
    code_segment               go to state 61
    import_statement           go to state 62
    doc_statement              go to state 63
    example_statement          go to state 64
    expression_statement       go to state 65
    expression                 go to state 66
    chuck_expression           go to state 67
    arrow_expression           go to state 68
    array_exp                  go to state 69
    decl_expression            go to state 70
    complex_exp                go to state 71
    polar_exp                  go to state 72
    vec_exp                    go to state 73
    conditional_expression     go to state 74
    logical_or_expression      go to state 75
    logical_and_expression     go to state 76
    inclusive_or_expression    go to state 77
    exclusive_or_expression    go to state 78
    and_expression             go to state 79
    equality_expression        go to state 80
    relational_expression      go to state 81
    shift_expression           go to state 82
    additive_expression        go to state 83
    multiplicative_expression  go to state 84
    tilda_expression           go to state 85
    cast_expression            go to state 86
    unary_expression           go to state 87
    unary_operator             go to state 88
    dur_expression             go to state 89
    postfix_expression         go to state 90
    primary_expression         go to state 91


state 10

  206 unary_operator: PLUS .

    $default  reduce using rule 206 (unary_operator)


state 11

  207 unary_operator: MINUS .

    $default  reduce using rule 207 (unary_operator)


state 12

  210 unary_operator: TIMES .

    $default  reduce using rule 210 (unary_operator)


state 13

   52 type_decl_b: LT . id_dot GT
   53            | LT . id_dot GT AT_SYM

    ID  shift, and go to state 98

    id_dot  go to state 99


state 14

   74 selection_statement: IF . LPAREN expression RPAREN statement
   75                    | IF . LPAREN expression RPAREN statement ELSE statement

    LPAREN  shift, and go to state 100


state 15

   76 loop_statement: WHILE . LPAREN expression RPAREN statement

    LPAREN  shift, and go to state 101


state 16

   78 loop_statement: FOR . LPAREN expression_statement expression_statement RPAREN statement
   79               | FOR . LPAREN expression_statement expression_statement expression RPAREN statement
   80               | FOR . LPAREN expression COLON expression RPAREN statement

    LPAREN  shift, and go to state 102


state 17

   77 loop_statement: DO . statement WHILE LPAREN expression RPAREN SEMICOLON
   82               | DO . statement UNTIL LPAREN expression RPAREN SEMICOLON

    ID            shift, and go to state 1
    STRING_LIT    shift, and go to state 2
    CHAR_LIT      shift, and go to state 3
    INT_VAL       shift, and go to state 4
    FLOAT_VAL     shift, and go to state 5
    SEMICOLON     shift, and go to state 6
    LPAREN        shift, and go to state 7
    LBRACK        shift, and go to state 8
    LBRACE        shift, and go to state 9
    PLUS          shift, and go to state 10
    MINUS         shift, and go to state 11
    TIMES         shift, and go to state 12
    LT            shift, and go to state 13
    IF            shift, and go to state 14
    WHILE         shift, and go to state 15
    FOR           shift, and go to state 16
    DO            shift, and go to state 17
    LOOP          shift, and go to state 18
    BREAK         shift, and go to state 19
    CONTINUE      shift, and go to state 20
    RETURN        shift, and go to state 22
    EXCLAMATION   shift, and go to state 23
    PLUSPLUS      shift, and go to state 24
    MINUSMINUS    shift, and go to state 25
    POUNDPAREN    shift, and go to state 26
    PERCENTPAREN  shift, and go to state 27
    ATPAREN       shift, and go to state 28
    UNTIL         shift, and go to state 29
    EXTERNAL      shift, and go to state 30
    GLOBAL        shift, and go to state 31
    NEW           shift, and go to state 32
    SIZEOF        shift, and go to state 33
    TYPEOF        shift, and go to state 34
    SAME          shift, and go to state 35
    TILDA         shift, and go to state 36
    DOWNCHUCK     shift, and go to state 37
    STATIC        shift, and go to state 41
    SPORK         shift, and go to state 42
    L_HACK        shift, and go to state 43
    AT_IMPORT     shift, and go to state 44
    AT_DOC        shift, and go to state 45
    AT_EXAMPLE    shift, and go to state 46

    type_decl_a                go to state 53
    type_decl_b                go to state 54
    type_decl                  go to state 55
    statement                  go to state 103
    jump_statement             go to state 58
    selection_statement        go to state 59
    loop_statement             go to state 60
    code_segment               go to state 61
    import_statement           go to state 62
    doc_statement              go to state 63
    example_statement          go to state 64
    expression_statement       go to state 65
    expression                 go to state 66
    chuck_expression           go to state 67
    arrow_expression           go to state 68
    array_exp                  go to state 69
    decl_expression            go to state 70
    complex_exp                go to state 71
    polar_exp                  go to state 72
    vec_exp                    go to state 73
    conditional_expression     go to state 74
    logical_or_expression      go to state 75
    logical_and_expression     go to state 76
    inclusive_or_expression    go to state 77
    exclusive_or_expression    go to state 78
    and_expression             go to state 79
    equality_expression        go to state 80
    relational_expression      go to state 81
    shift_expression           go to state 82
    additive_expression        go to state 83
    multiplicative_expression  go to state 84
    tilda_expression           go to state 85
    cast_expression            go to state 86
    unary_expression           go to state 87
    unary_operator             go to state 88
    dur_expression             go to state 89
    postfix_expression         go to state 90
    primary_expression         go to state 91


state 18

   83 loop_statement: LOOP . LPAREN expression RPAREN statement

    LPAREN  shift, and go to state 104


state 19

   72 jump_statement: BREAK . SEMICOLON

    SEMICOLON  shift, and go to state 105


state 20

   73 jump_statement: CONTINUE . SEMICOLON

    SEMICOLON  shift, and go to state 106


state 21

   43 function_decl: FUNCTION .

    $default  reduce using rule 43 (function_decl)


state 22

   70 jump_statement: RETURN . SEMICOLON
   71               | RETURN . expression SEMICOLON

    ID            shift, and go to state 1
    STRING_LIT    shift, and go to state 2
    CHAR_LIT      shift, and go to state 3
    INT_VAL       shift, and go to state 4
    FLOAT_VAL     shift, and go to state 5
    SEMICOLON     shift, and go to state 107
    LPAREN        shift, and go to state 7
    LBRACK        shift, and go to state 8
    PLUS          shift, and go to state 10
    MINUS         shift, and go to state 11
    TIMES         shift, and go to state 12
    LT            shift, and go to state 13
    EXCLAMATION   shift, and go to state 23
    PLUSPLUS      shift, and go to state 24
    MINUSMINUS    shift, and go to state 25
    POUNDPAREN    shift, and go to state 26
    PERCENTPAREN  shift, and go to state 27
    ATPAREN       shift, and go to state 28
    EXTERNAL      shift, and go to state 30
    GLOBAL        shift, and go to state 31
    NEW           shift, and go to state 32
    SIZEOF        shift, and go to state 33
    TYPEOF        shift, and go to state 34
    SAME          shift, and go to state 35
    TILDA         shift, and go to state 36
    DOWNCHUCK     shift, and go to state 37
    STATIC        shift, and go to state 41
    SPORK         shift, and go to state 42
    L_HACK        shift, and go to state 43

    type_decl_a                go to state 53
    type_decl_b                go to state 54
    type_decl                  go to state 55
    expression                 go to state 108
    chuck_expression           go to state 67
    arrow_expression           go to state 68
    array_exp                  go to state 69
    decl_expression            go to state 70
    complex_exp                go to state 71
    polar_exp                  go to state 72
    vec_exp                    go to state 73
    conditional_expression     go to state 74
    logical_or_expression      go to state 75
    logical_and_expression     go to state 76
    inclusive_or_expression    go to state 77
    exclusive_or_expression    go to state 78
    and_expression             go to state 79
    equality_expression        go to state 80
    relational_expression      go to state 81
    shift_expression           go to state 82
    additive_expression        go to state 83
    multiplicative_expression  go to state 84
    tilda_expression           go to state 85
    cast_expression            go to state 86
    unary_expression           go to state 87
    unary_operator             go to state 88
    dur_expression             go to state 89
    postfix_expression         go to state 90
    primary_expression         go to state 91


state 23

  209 unary_operator: EXCLAMATION .

    $default  reduce using rule 209 (unary_operator)


state 24

  195 unary_expression: PLUSPLUS . unary_expression

    ID            shift, and go to state 109
    STRING_LIT    shift, and go to state 2
    CHAR_LIT      shift, and go to state 3
    INT_VAL       shift, and go to state 4
    FLOAT_VAL     shift, and go to state 5
    LPAREN        shift, and go to state 7
    LBRACK        shift, and go to state 8
    PLUS          shift, and go to state 10
    MINUS         shift, and go to state 11
    TIMES         shift, and go to state 12
    EXCLAMATION   shift, and go to state 23
    PLUSPLUS      shift, and go to state 24
    MINUSMINUS    shift, and go to state 25
    POUNDPAREN    shift, and go to state 26
    PERCENTPAREN  shift, and go to state 27
    ATPAREN       shift, and go to state 28
    NEW           shift, and go to state 32
    SIZEOF        shift, and go to state 33
    TYPEOF        shift, and go to state 34
    TILDA         shift, and go to state 36
    DOWNCHUCK     shift, and go to state 37
    SPORK         shift, and go to state 42
    L_HACK        shift, and go to state 43

    array_exp           go to state 69
    complex_exp         go to state 71
    polar_exp           go to state 72
    vec_exp             go to state 73
    unary_expression    go to state 110
    unary_operator      go to state 88
    dur_expression      go to state 89
    postfix_expression  go to state 90
    primary_expression  go to state 91


state 25

  196 unary_expression: MINUSMINUS . unary_expression

    ID            shift, and go to state 109
    STRING_LIT    shift, and go to state 2
    CHAR_LIT      shift, and go to state 3
    INT_VAL       shift, and go to state 4
    FLOAT_VAL     shift, and go to state 5
    LPAREN        shift, and go to state 7
    LBRACK        shift, and go to state 8
    PLUS          shift, and go to state 10
    MINUS         shift, and go to state 11
    TIMES         shift, and go to state 12
    EXCLAMATION   shift, and go to state 23
    PLUSPLUS      shift, and go to state 24
    MINUSMINUS    shift, and go to state 25
    POUNDPAREN    shift, and go to state 26
    PERCENTPAREN  shift, and go to state 27
    ATPAREN       shift, and go to state 28
    NEW           shift, and go to state 32
    SIZEOF        shift, and go to state 33
    TYPEOF        shift, and go to state 34
    TILDA         shift, and go to state 36
    DOWNCHUCK     shift, and go to state 37
    SPORK         shift, and go to state 42
    L_HACK        shift, and go to state 43

    array_exp           go to state 69
    complex_exp         go to state 71
    polar_exp           go to state 72
    vec_exp             go to state 73
    unary_expression    go to state 111
    unary_operator      go to state 88
    dur_expression      go to state 89
    postfix_expression  go to state 90
    primary_expression  go to state 91


state 26

  136 complex_exp: POUNDPAREN . expression RPAREN

    ID            shift, and go to state 1
    STRING_LIT    shift, and go to state 2
    CHAR_LIT      shift, and go to state 3
    INT_VAL       shift, and go to state 4
    FLOAT_VAL     shift, and go to state 5
    LPAREN        shift, and go to state 7
    LBRACK        shift, and go to state 8
    PLUS          shift, and go to state 10
    MINUS         shift, and go to state 11
    TIMES         shift, and go to state 12
    LT            shift, and go to state 13
    EXCLAMATION   shift, and go to state 23
    PLUSPLUS      shift, and go to state 24
    MINUSMINUS    shift, and go to state 25
    POUNDPAREN    shift, and go to state 26
    PERCENTPAREN  shift, and go to state 27
    ATPAREN       shift, and go to state 28
    EXTERNAL      shift, and go to state 30
    GLOBAL        shift, and go to state 31
    NEW           shift, and go to state 32
    SIZEOF        shift, and go to state 33
    TYPEOF        shift, and go to state 34
    SAME          shift, and go to state 35
    TILDA         shift, and go to state 36
    DOWNCHUCK     shift, and go to state 37
    STATIC        shift, and go to state 41
    SPORK         shift, and go to state 42
    L_HACK        shift, and go to state 43

    type_decl_a                go to state 53
    type_decl_b                go to state 54
    type_decl                  go to state 55
    expression                 go to state 112
    chuck_expression           go to state 67
    arrow_expression           go to state 68
    array_exp                  go to state 69
    decl_expression            go to state 70
    complex_exp                go to state 71
    polar_exp                  go to state 72
    vec_exp                    go to state 73
    conditional_expression     go to state 74
    logical_or_expression      go to state 75
    logical_and_expression     go to state 76
    inclusive_or_expression    go to state 77
    exclusive_or_expression    go to state 78
    and_expression             go to state 79
    equality_expression        go to state 80
    relational_expression      go to state 81
    shift_expression           go to state 82
    additive_expression        go to state 83
    multiplicative_expression  go to state 84
    tilda_expression           go to state 85
    cast_expression            go to state 86
    unary_expression           go to state 87
    unary_operator             go to state 88
    dur_expression             go to state 89
    postfix_expression         go to state 90
    primary_expression         go to state 91


state 27

  137 polar_exp: PERCENTPAREN . expression RPAREN

    ID            shift, and go to state 1
    STRING_LIT    shift, and go to state 2
    CHAR_LIT      shift, and go to state 3
    INT_VAL       shift, and go to state 4
    FLOAT_VAL     shift, and go to state 5
    LPAREN        shift, and go to state 7
    LBRACK        shift, and go to state 8
    PLUS          shift, and go to state 10
    MINUS         shift, and go to state 11
    TIMES         shift, and go to state 12
    LT            shift, and go to state 13
    EXCLAMATION   shift, and go to state 23
    PLUSPLUS      shift, and go to state 24
    MINUSMINUS    shift, and go to state 25
    POUNDPAREN    shift, and go to state 26
    PERCENTPAREN  shift, and go to state 27
    ATPAREN       shift, and go to state 28
    EXTERNAL      shift, and go to state 30
    GLOBAL        shift, and go to state 31
    NEW           shift, and go to state 32
    SIZEOF        shift, and go to state 33
    TYPEOF        shift, and go to state 34
    SAME          shift, and go to state 35
    TILDA         shift, and go to state 36
    DOWNCHUCK     shift, and go to state 37
    STATIC        shift, and go to state 41
    SPORK         shift, and go to state 42
    L_HACK        shift, and go to state 43

    type_decl_a                go to state 53
    type_decl_b                go to state 54
    type_decl                  go to state 55
    expression                 go to state 113
    chuck_expression           go to state 67
    arrow_expression           go to state 68
    array_exp                  go to state 69
    decl_expression            go to state 70
    complex_exp                go to state 71
    polar_exp                  go to state 72
    vec_exp                    go to state 73
    conditional_expression     go to state 74
    logical_or_expression      go to state 75
    logical_and_expression     go to state 76
    inclusive_or_expression    go to state 77
    exclusive_or_expression    go to state 78
    and_expression             go to state 79
    equality_expression        go to state 80
    relational_expression      go to state 81
    shift_expression           go to state 82
    additive_expression        go to state 83
    multiplicative_expression  go to state 84
    tilda_expression           go to state 85
    cast_expression            go to state 86
    unary_expression           go to state 87
    unary_operator             go to state 88
    dur_expression             go to state 89
    postfix_expression         go to state 90
    primary_expression         go to state 91


state 28

  138 vec_exp: ATPAREN . expression RPAREN

    ID            shift, and go to state 1
    STRING_LIT    shift, and go to state 2
    CHAR_LIT      shift, and go to state 3
    INT_VAL       shift, and go to state 4
    FLOAT_VAL     shift, and go to state 5
    LPAREN        shift, and go to state 7
    LBRACK        shift, and go to state 8
    PLUS          shift, and go to state 10
    MINUS         shift, and go to state 11
    TIMES         shift, and go to state 12
    LT            shift, and go to state 13
    EXCLAMATION   shift, and go to state 23
    PLUSPLUS      shift, and go to state 24
    MINUSMINUS    shift, and go to state 25
    POUNDPAREN    shift, and go to state 26
    PERCENTPAREN  shift, and go to state 27
    ATPAREN       shift, and go to state 28
    EXTERNAL      shift, and go to state 30
    GLOBAL        shift, and go to state 31
    NEW           shift, and go to state 32
    SIZEOF        shift, and go to state 33
    TYPEOF        shift, and go to state 34
    SAME          shift, and go to state 35
    TILDA         shift, and go to state 36
    DOWNCHUCK     shift, and go to state 37
    STATIC        shift, and go to state 41
    SPORK         shift, and go to state 42
    L_HACK        shift, and go to state 43

    type_decl_a                go to state 53
    type_decl_b                go to state 54
    type_decl                  go to state 55
    expression                 go to state 114
    chuck_expression           go to state 67
    arrow_expression           go to state 68
    array_exp                  go to state 69
    decl_expression            go to state 70
    complex_exp                go to state 71
    polar_exp                  go to state 72
    vec_exp                    go to state 73
    conditional_expression     go to state 74
    logical_or_expression      go to state 75
    logical_and_expression     go to state 76
    inclusive_or_expression    go to state 77
    exclusive_or_expression    go to state 78
    and_expression             go to state 79
    equality_expression        go to state 80
    relational_expression      go to state 81
    shift_expression           go to state 82
    additive_expression        go to state 83
    multiplicative_expression  go to state 84
    tilda_expression           go to state 85
    cast_expression            go to state 86
    unary_expression           go to state 87
    unary_operator             go to state 88
    dur_expression             go to state 89
    postfix_expression         go to state 90
    primary_expression         go to state 91


state 29

   81 loop_statement: UNTIL . LPAREN expression RPAREN statement

    LPAREN  shift, and go to state 115


state 30

  122 decl_expression: EXTERNAL . type_decl var_decl_list

    ID  shift, and go to state 116
    LT  shift, and go to state 13

    type_decl_a  go to state 53
    type_decl_b  go to state 54
    type_decl    go to state 117


state 31

  123 decl_expression: GLOBAL . type_decl var_decl_list

    ID  shift, and go to state 116
    LT  shift, and go to state 13

    type_decl_a  go to state 53
    type_decl_b  go to state 54
    type_decl    go to state 118


state 32

  200 unary_expression: NEW . type_decl
  201                 | NEW . type_decl array_exp
  202                 | NEW . type_decl LPAREN RPAREN
  203                 | NEW . type_decl LPAREN expression RPAREN
  204                 | NEW . type_decl LPAREN RPAREN array_exp
  205                 | NEW . type_decl LPAREN expression RPAREN array_exp

    ID  shift, and go to state 116
    LT  shift, and go to state 13

    type_decl_a  go to state 53
    type_decl_b  go to state 54
    type_decl    go to state 119


state 33

  199 unary_expression: SIZEOF . unary_expression

    ID            shift, and go to state 109
    STRING_LIT    shift, and go to state 2
    CHAR_LIT      shift, and go to state 3
    INT_VAL       shift, and go to state 4
    FLOAT_VAL     shift, and go to state 5
    LPAREN        shift, and go to state 7
    LBRACK        shift, and go to state 8
    PLUS          shift, and go to state 10
    MINUS         shift, and go to state 11
    TIMES         shift, and go to state 12
    EXCLAMATION   shift, and go to state 23
    PLUSPLUS      shift, and go to state 24
    MINUSMINUS    shift, and go to state 25
    POUNDPAREN    shift, and go to state 26
    PERCENTPAREN  shift, and go to state 27
    ATPAREN       shift, and go to state 28
    NEW           shift, and go to state 32
    SIZEOF        shift, and go to state 33
    TYPEOF        shift, and go to state 34
    TILDA         shift, and go to state 36
    DOWNCHUCK     shift, and go to state 37
    SPORK         shift, and go to state 42
    L_HACK        shift, and go to state 43

    array_exp           go to state 69
    complex_exp         go to state 71
    polar_exp           go to state 72
    vec_exp             go to state 73
    unary_expression    go to state 120
    unary_operator      go to state 88
    dur_expression      go to state 89
    postfix_expression  go to state 90
    primary_expression  go to state 91


state 34

  198 unary_expression: TYPEOF . unary_expression

    ID            shift, and go to state 109
    STRING_LIT    shift, and go to state 2
    CHAR_LIT      shift, and go to state 3
    INT_VAL       shift, and go to state 4
    FLOAT_VAL     shift, and go to state 5
    LPAREN        shift, and go to state 7
    LBRACK        shift, and go to state 8
    PLUS          shift, and go to state 10
    MINUS         shift, and go to state 11
    TIMES         shift, and go to state 12
    EXCLAMATION   shift, and go to state 23
    PLUSPLUS      shift, and go to state 24
    MINUSMINUS    shift, and go to state 25
    POUNDPAREN    shift, and go to state 26
    PERCENTPAREN  shift, and go to state 27
    ATPAREN       shift, and go to state 28
    NEW           shift, and go to state 32
    SIZEOF        shift, and go to state 33
    TYPEOF        shift, and go to state 34
    TILDA         shift, and go to state 36
    DOWNCHUCK     shift, and go to state 37
    SPORK         shift, and go to state 42
    L_HACK        shift, and go to state 43

    array_exp           go to state 69
    complex_exp         go to state 71
    polar_exp           go to state 72
    vec_exp             go to state 73
    unary_expression    go to state 121
    unary_operator      go to state 88
    dur_expression      go to state 89
    postfix_expression  go to state 90
    primary_expression  go to state 91


state 35

  125 decl_expression: SAME . var_decl_list

    ID  shift, and go to state 122

    var_decl_list  go to state 123
    var_decl       go to state 124


state 36

  208 unary_operator: TILDA .

    $default  reduce using rule 208 (unary_operator)


state 37

  212 unary_operator: DOWNCHUCK .

    $default  reduce using rule 212 (unary_operator)


state 38

   40 class_decl: PUBLIC .
   44 function_decl: PUBLIC .

    CLASS      reduce using rule 40 (class_decl)
    INTERFACE  reduce using rule 40 (class_decl)
    $default   reduce using rule 44 (function_decl)


state 39

   45 function_decl: PROTECTED .

    $default  reduce using rule 45 (function_decl)


state 40

   41 class_decl: PRIVATE .
   46 function_decl: PRIVATE .

    CLASS      reduce using rule 41 (class_decl)
    INTERFACE  reduce using rule 41 (class_decl)
    $default   reduce using rule 46 (function_decl)


state 41

  124 decl_expression: STATIC . type_decl var_decl_list
  126                | STATIC . SAME var_decl_list

    ID    shift, and go to state 116
    LT    shift, and go to state 13
    SAME  shift, and go to state 125

    type_decl_a  go to state 53
    type_decl_b  go to state 54
    type_decl    go to state 126


state 42

  211 unary_operator: SPORK . TILDA

    TILDA  shift, and go to state 127


state 43

  278 primary_expression: L_HACK . expression R_HACK

    ID            shift, and go to state 1
    STRING_LIT    shift, and go to state 2
    CHAR_LIT      shift, and go to state 3
    INT_VAL       shift, and go to state 4
    FLOAT_VAL     shift, and go to state 5
    LPAREN        shift, and go to state 7
    LBRACK        shift, and go to state 8
    PLUS          shift, and go to state 10
    MINUS         shift, and go to state 11
    TIMES         shift, and go to state 12
    LT            shift, and go to state 13
    EXCLAMATION   shift, and go to state 23
    PLUSPLUS      shift, and go to state 24
    MINUSMINUS    shift, and go to state 25
    POUNDPAREN    shift, and go to state 26
    PERCENTPAREN  shift, and go to state 27
    ATPAREN       shift, and go to state 28
    EXTERNAL      shift, and go to state 30
    GLOBAL        shift, and go to state 31
    NEW           shift, and go to state 32
    SIZEOF        shift, and go to state 33
    TYPEOF        shift, and go to state 34
    SAME          shift, and go to state 35
    TILDA         shift, and go to state 36
    DOWNCHUCK     shift, and go to state 37
    STATIC        shift, and go to state 41
    SPORK         shift, and go to state 42
    L_HACK        shift, and go to state 43

    type_decl_a                go to state 53
    type_decl_b                go to state 54
    type_decl                  go to state 55
    expression                 go to state 128
    chuck_expression           go to state 67
    arrow_expression           go to state 68
    array_exp                  go to state 69
    decl_expression            go to state 70
    complex_exp                go to state 71
    polar_exp                  go to state 72
    vec_exp                    go to state 73
    conditional_expression     go to state 74
    logical_or_expression      go to state 75
    logical_and_expression     go to state 76
    inclusive_or_expression    go to state 77
    exclusive_or_expression    go to state 78
    and_expression             go to state 79
    equality_expression        go to state 80
    relational_expression      go to state 81
    shift_expression           go to state 82
    additive_expression        go to state 83
    multiplicative_expression  go to state 84
    tilda_expression           go to state 85
    cast_expression            go to state 86
    unary_expression           go to state 87
    unary_operator             go to state 88
    dur_expression             go to state 89
    postfix_expression         go to state 90
    primary_expression         go to state 91


state 44

   86 import_statement: AT_IMPORT . import_target
   87                 | AT_IMPORT . LBRACK RBRACK
   88                 | AT_IMPORT . LBRACE RBRACE
   89                 | AT_IMPORT . LBRACK import_list LBRACK
   90                 | AT_IMPORT . LBRACE import_list RBRACE

    STRING_LIT  shift, and go to state 129
    LBRACK      shift, and go to state 130
    LBRACE      shift, and go to state 131

    import_target  go to state 132


state 45

   94 doc_statement: AT_DOC . doc_target
   95              | AT_DOC . LBRACK doc_list RBRACK
   96              | AT_DOC . LBRACE doc_list RBRACE

    STRING_LIT  shift, and go to state 133
    LBRACK      shift, and go to state 134
    LBRACE      shift, and go to state 135

    doc_target  go to state 136


state 46

  100 example_statement: AT_EXAMPLE . example_target
  101                  | AT_EXAMPLE . LBRACK example_list RBRACK
  102                  | AT_EXAMPLE . LBRACE example_list RBRACE

    STRING_LIT  shift, and go to state 137
    LBRACK      shift, and go to state 138
    LBRACE      shift, and go to state 139

    example_target  go to state 140


state 47

    0 $accept: program . $end
    2 program: program . program_section

    $end          shift, and go to state 141
    ID            shift, and go to state 1
    STRING_LIT    shift, and go to state 2
    CHAR_LIT      shift, and go to state 3
    INT_VAL       shift, and go to state 4
    FLOAT_VAL     shift, and go to state 5
    SEMICOLON     shift, and go to state 6
    LPAREN        shift, and go to state 7
    LBRACK        shift, and go to state 8
    LBRACE        shift, and go to state 9
    PLUS          shift, and go to state 10
    MINUS         shift, and go to state 11
    TIMES         shift, and go to state 12
    LT            shift, and go to state 13
    IF            shift, and go to state 14
    WHILE         shift, and go to state 15
    FOR           shift, and go to state 16
    DO            shift, and go to state 17
    LOOP          shift, and go to state 18
    BREAK         shift, and go to state 19
    CONTINUE      shift, and go to state 20
    FUNCTION      shift, and go to state 21
    RETURN        shift, and go to state 22
    EXCLAMATION   shift, and go to state 23
    PLUSPLUS      shift, and go to state 24
    MINUSMINUS    shift, and go to state 25
    POUNDPAREN    shift, and go to state 26
    PERCENTPAREN  shift, and go to state 27
    ATPAREN       shift, and go to state 28
    UNTIL         shift, and go to state 29
    EXTERNAL      shift, and go to state 30
    GLOBAL        shift, and go to state 31
    NEW           shift, and go to state 32
    SIZEOF        shift, and go to state 33
    TYPEOF        shift, and go to state 34
    SAME          shift, and go to state 35
    TILDA         shift, and go to state 36
    DOWNCHUCK     shift, and go to state 37
    PUBLIC        shift, and go to state 38
    PROTECTED     shift, and go to state 39
    PRIVATE       shift, and go to state 40
    STATIC        shift, and go to state 41
    SPORK         shift, and go to state 42
    L_HACK        shift, and go to state 43
    AT_IMPORT     shift, and go to state 44
    AT_DOC        shift, and go to state 45
    AT_EXAMPLE    shift, and go to state 46

    $default  reduce using rule 42 (class_decl)

    program_section            go to state 142
    class_definition           go to state 49
    function_definition        go to state 50
    class_decl                 go to state 51
    function_decl              go to state 52
    type_decl_a                go to state 53
    type_decl_b                go to state 54
    type_decl                  go to state 55
    statement_list             go to state 56
    statement                  go to state 57
    jump_statement             go to state 58
    selection_statement        go to state 59
    loop_statement             go to state 60
    code_segment               go to state 61
    import_statement           go to state 62
    doc_statement              go to state 63
    example_statement          go to state 64
    expression_statement       go to state 65
    expression                 go to state 66
    chuck_expression           go to state 67
    arrow_expression           go to state 68
    array_exp                  go to state 69
    decl_expression            go to state 70
    complex_exp                go to state 71
    polar_exp                  go to state 72
    vec_exp                    go to state 73
    conditional_expression     go to state 74
    logical_or_expression      go to state 75
    logical_and_expression     go to state 76
    inclusive_or_expression    go to state 77
    exclusive_or_expression    go to state 78
    and_expression             go to state 79
    equality_expression        go to state 80
    relational_expression      go to state 81
    shift_expression           go to state 82
    additive_expression        go to state 83
    multiplicative_expression  go to state 84
    tilda_expression           go to state 85
    cast_expression            go to state 86
    unary_expression           go to state 87
    unary_operator             go to state 88
    dur_expression             go to state 89
    postfix_expression         go to state 90
    primary_expression         go to state 91


state 48

    1 program: program_section .

    $default  reduce using rule 1 (program)


state 49

    5 program_section: class_definition .

    $default  reduce using rule 5 (program_section)


state 50

    4 program_section: function_definition .

    $default  reduce using rule 4 (program_section)


state 51

    6 class_definition: class_decl . CLASS id_list LBRACE class_body RBRACE
    7                 | class_decl . CLASS id_list class_ext LBRACE class_body RBRACE
    8                 | class_decl . INTERFACE id_list LBRACE class_body RBRACE
    9                 | class_decl . INTERFACE id_list iface_ext LBRACE class_body RBRACE

    CLASS      shift, and go to state 143
    INTERFACE  shift, and go to state 144


state 52

   26 function_definition: function_decl . static_decl type_decl2 ID LPAREN arg_list RPAREN code_segment
   27                    | function_decl . static_decl type_decl2 ID LPAREN RPAREN code_segment
   28                    | function_decl . static_decl ID LPAREN arg_list RPAREN code_segment
   29                    | function_decl . static_decl ID LPAREN RPAREN code_segment
   30                    | function_decl . AT_CTOR LPAREN arg_list RPAREN code_segment
   31                    | function_decl . AT_CTOR LPAREN RPAREN code_segment
   32                    | function_decl . AT_DTOR LPAREN RPAREN code_segment
   33                    | function_decl . AT_DTOR LPAREN arg_list RPAREN code_segment
   34                    | function_decl . static_decl type_decl2 ID LPAREN arg_list RPAREN SEMICOLON
   35                    | function_decl . static_decl type_decl2 ID LPAREN RPAREN SEMICOLON
   36                    | function_decl . static_decl type_decl2 AT_OP overloadable_operator LPAREN arg_list RPAREN code_segment
   37                    | function_decl . static_decl type_decl2 AT_OP LPAREN arg_list RPAREN overloadable_operator code_segment
   38                    | function_decl . static_decl type_decl2 AT_OP LPAREN overloadable_operator RPAREN LPAREN arg_list RPAREN code_segment
   39                    | function_decl . static_decl type_decl2 AT_OP LPAREN arg_list RPAREN LPAREN overloadable_operator RPAREN code_segment

    STATIC    shift, and go to state 145
    ABSTRACT  shift, and go to state 146
    AT_CTOR   shift, and go to state 147
    AT_DTOR   shift, and go to state 148

    $default  reduce using rule 49 (static_decl)

    static_decl  go to state 149


state 53

   54 type_decl: type_decl_a .

    $default  reduce using rule 54 (type_decl)


state 54

   55 type_decl: type_decl_b .

    $default  reduce using rule 55 (type_decl)


state 55

  121 decl_expression: type_decl . var_decl_list

    ID  shift, and go to state 122

    var_decl_list  go to state 150
    var_decl       go to state 124


state 56

    3 program_section: statement_list .
   61 statement_list: statement_list . statement

    ID            shift, and go to state 1
    STRING_LIT    shift, and go to state 2
    CHAR_LIT      shift, and go to state 3
    INT_VAL       shift, and go to state 4
    FLOAT_VAL     shift, and go to state 5
    SEMICOLON     shift, and go to state 6
    LPAREN        shift, and go to state 7
    LBRACK        shift, and go to state 8
    LBRACE        shift, and go to state 9
    PLUS          shift, and go to state 10
    MINUS         shift, and go to state 11
    TIMES         shift, and go to state 12
    LT            shift, and go to state 13
    IF            shift, and go to state 14
    WHILE         shift, and go to state 15
    FOR           shift, and go to state 16
    DO            shift, and go to state 17
    LOOP          shift, and go to state 18
    BREAK         shift, and go to state 19
    CONTINUE      shift, and go to state 20
    RETURN        shift, and go to state 22
    EXCLAMATION   shift, and go to state 23
    PLUSPLUS      shift, and go to state 24
    MINUSMINUS    shift, and go to state 25
    POUNDPAREN    shift, and go to state 26
    PERCENTPAREN  shift, and go to state 27
    ATPAREN       shift, and go to state 28
    UNTIL         shift, and go to state 29
    EXTERNAL      shift, and go to state 30
    GLOBAL        shift, and go to state 31
    NEW           shift, and go to state 32
    SIZEOF        shift, and go to state 33
    TYPEOF        shift, and go to state 34
    SAME          shift, and go to state 35
    TILDA         shift, and go to state 36
    DOWNCHUCK     shift, and go to state 37
    STATIC        shift, and go to state 41
    SPORK         shift, and go to state 42
    L_HACK        shift, and go to state 43
    AT_IMPORT     shift, and go to state 44
    AT_DOC        shift, and go to state 45
    AT_EXAMPLE    shift, and go to state 46

    ID            [reduce using rule 3 (program_section)]
    STRING_LIT    [reduce using rule 3 (program_section)]
    CHAR_LIT      [reduce using rule 3 (program_section)]
    INT_VAL       [reduce using rule 3 (program_section)]
    FLOAT_VAL     [reduce using rule 3 (program_section)]
    SEMICOLON     [reduce using rule 3 (program_section)]
    LPAREN        [reduce using rule 3 (program_section)]
    LBRACK        [reduce using rule 3 (program_section)]
    LBRACE        [reduce using rule 3 (program_section)]
    PLUS          [reduce using rule 3 (program_section)]
    MINUS         [reduce using rule 3 (program_section)]
    TIMES         [reduce using rule 3 (program_section)]
    LT            [reduce using rule 3 (program_section)]
    IF            [reduce using rule 3 (program_section)]
    WHILE         [reduce using rule 3 (program_section)]
    FOR           [reduce using rule 3 (program_section)]
    DO            [reduce using rule 3 (program_section)]
    LOOP          [reduce using rule 3 (program_section)]
    BREAK         [reduce using rule 3 (program_section)]
    CONTINUE      [reduce using rule 3 (program_section)]
    RETURN        [reduce using rule 3 (program_section)]
    EXCLAMATION   [reduce using rule 3 (program_section)]
    PLUSPLUS      [reduce using rule 3 (program_section)]
    MINUSMINUS    [reduce using rule 3 (program_section)]
    POUNDPAREN    [reduce using rule 3 (program_section)]
    PERCENTPAREN  [reduce using rule 3 (program_section)]
    ATPAREN       [reduce using rule 3 (program_section)]
    UNTIL         [reduce using rule 3 (program_section)]
    EXTERNAL      [reduce using rule 3 (program_section)]
    GLOBAL        [reduce using rule 3 (program_section)]
    NEW           [reduce using rule 3 (program_section)]
    SIZEOF        [reduce using rule 3 (program_section)]
    TYPEOF        [reduce using rule 3 (program_section)]
    SAME          [reduce using rule 3 (program_section)]
    TILDA         [reduce using rule 3 (program_section)]
    DOWNCHUCK     [reduce using rule 3 (program_section)]
    STATIC        [reduce using rule 3 (program_section)]
    SPORK         [reduce using rule 3 (program_section)]
    L_HACK        [reduce using rule 3 (program_section)]
    AT_IMPORT     [reduce using rule 3 (program_section)]
    AT_DOC        [reduce using rule 3 (program_section)]
    AT_EXAMPLE    [reduce using rule 3 (program_section)]
    $default      reduce using rule 3 (program_section)

    type_decl_a                go to state 53
    type_decl_b                go to state 54
    type_decl                  go to state 55
    statement                  go to state 151
    jump_statement             go to state 58
    selection_statement        go to state 59
    loop_statement             go to state 60
    code_segment               go to state 61
    import_statement           go to state 62
    doc_statement              go to state 63
    example_statement          go to state 64
    expression_statement       go to state 65
    expression                 go to state 66
    chuck_expression           go to state 67
    arrow_expression           go to state 68
    array_exp                  go to state 69
    decl_expression            go to state 70
    complex_exp                go to state 71
    polar_exp                  go to state 72
    vec_exp                    go to state 73
    conditional_expression     go to state 74
    logical_or_expression      go to state 75
    logical_and_expression     go to state 76
    inclusive_or_expression    go to state 77
    exclusive_or_expression    go to state 78
    and_expression             go to state 79
    equality_expression        go to state 80
    relational_expression      go to state 81
    shift_expression           go to state 82
    additive_expression        go to state 83
    multiplicative_expression  go to state 84
    tilda_expression           go to state 85
    cast_expression            go to state 86
    unary_expression           go to state 87
    unary_operator             go to state 88
    dur_expression             go to state 89
    postfix_expression         go to state 90
    primary_expression         go to state 91


state 57

   60 statement_list: statement .

    $default  reduce using rule 60 (statement_list)


state 58

   65 statement: jump_statement .

    $default  reduce using rule 65 (statement)


state 59

   64 statement: selection_statement .

    $default  reduce using rule 64 (statement)


state 60

   63 statement: loop_statement .

    $default  reduce using rule 63 (statement)


state 61

   66 statement: code_segment .

    $default  reduce using rule 66 (statement)


state 62

   67 statement: import_statement .

    $default  reduce using rule 67 (statement)


state 63

   68 statement: doc_statement .

    $default  reduce using rule 68 (statement)


state 64

   69 statement: example_statement .

    $default  reduce using rule 69 (statement)


state 65

   62 statement: expression_statement .

    $default  reduce using rule 62 (statement)


state 66

  107 expression_statement: expression . SEMICOLON
  109 expression: expression . COMMA chuck_expression

    COMMA      shift, and go to state 152
    SEMICOLON  shift, and go to state 153


state 67

  108 expression: chuck_expression .
  111 chuck_expression: chuck_expression . chuck_operator arrow_expression

    PLUS_CHUCK         shift, and go to state 154
    MINUS_CHUCK        shift, and go to state 155
    TIMES_CHUCK        shift, and go to state 156
    DIVIDE_CHUCK       shift, and go to state 157
    S_AND_CHUCK        shift, and go to state 158
    S_OR_CHUCK         shift, and go to state 159
    S_XOR_CHUCK        shift, and go to state 160
    SHIFT_RIGHT_CHUCK  shift, and go to state 161
    SHIFT_LEFT_CHUCK   shift, and go to state 162
    PERCENT_CHUCK      shift, and go to state 163
    CHUCK              shift, and go to state 164
    AT_CHUCK           shift, and go to state 165
    UNCHUCK            shift, and go to state 166
    UPCHUCK            shift, and go to state 167
    DOWNCHUCK          shift, and go to state 168

    $default  reduce using rule 108 (expression)

    chuck_operator  go to state 169


state 68

  110 chuck_expression: arrow_expression .
  113 arrow_expression: arrow_expression . arrow_operator decl_expression

    ARROW_RIGHT    shift, and go to state 170
    ARROW_LEFT     shift, and go to state 171
    GRUCK_RIGHT    shift, and go to state 172
    GRUCK_LEFT     shift, and go to state 173
    UNGRUCK_RIGHT  shift, and go to state 174
    UNGRUCK_LEFT   shift, and go to state 175

    $default  reduce using rule 110 (chuck_expression)

    arrow_operator  go to state 176


state 69

  274 primary_expression: array_exp .

    $default  reduce using rule 274 (primary_expression)


state 70

  112 arrow_expression: decl_expression .

    $default  reduce using rule 112 (arrow_expression)


state 71

  275 primary_expression: complex_exp .

    $default  reduce using rule 275 (primary_expression)


state 72

  276 primary_expression: polar_exp .

    $default  reduce using rule 276 (primary_expression)


state 73

  277 primary_expression: vec_exp .

    $default  reduce using rule 277 (primary_expression)


state 74

  120 decl_expression: conditional_expression .

    $default  reduce using rule 120 (decl_expression)


state 75

  160 conditional_expression: logical_or_expression .
  161                       | logical_or_expression . QUESTION expression COLON conditional_expression
  163 logical_or_expression: logical_or_expression . OR logical_and_expression

    OR        shift, and go to state 177
    QUESTION  shift, and go to state 178

    $default  reduce using rule 160 (conditional_expression)


state 76

  162 logical_or_expression: logical_and_expression .
  165 logical_and_expression: logical_and_expression . AND inclusive_or_expression

    AND  shift, and go to state 179

    $default  reduce using rule 162 (logical_or_expression)


state 77

  164 logical_and_expression: inclusive_or_expression .
  167 inclusive_or_expression: inclusive_or_expression . S_OR exclusive_or_expression

    S_OR  shift, and go to state 180

    $default  reduce using rule 164 (logical_and_expression)


state 78

  166 inclusive_or_expression: exclusive_or_expression .
  169 exclusive_or_expression: exclusive_or_expression . S_XOR and_expression

    S_XOR  shift, and go to state 181

    $default  reduce using rule 166 (inclusive_or_expression)


state 79

  168 exclusive_or_expression: and_expression .
  171 and_expression: and_expression . S_AND equality_expression

    S_AND  shift, and go to state 182

    $default  reduce using rule 168 (exclusive_or_expression)


state 80

  170 and_expression: equality_expression .
  173 equality_expression: equality_expression . EQ relational_expression
  174                    | equality_expression . NEQ relational_expression

    EQ   shift, and go to state 183
    NEQ  shift, and go to state 184

    $default  reduce using rule 170 (and_expression)


state 81

  172 equality_expression: relational_expression .
  176 relational_expression: relational_expression . LT shift_expression
  177                      | relational_expression . GT shift_expression
  178                      | relational_expression . LE shift_expression
  179                      | relational_expression . GE shift_expression

    LT  shift, and go to state 185
    LE  shift, and go to state 186
    GT  shift, and go to state 187
    GE  shift, and go to state 188

    $default  reduce using rule 172 (equality_expression)


state 82

  175 relational_expression: shift_expression .
  181 shift_expression: shift_expression . SHIFT_LEFT additive_expression
  182                 | shift_expression . SHIFT_RIGHT additive_expression

    SHIFT_RIGHT  shift, and go to state 189
    SHIFT_LEFT   shift, and go to state 190

    $default  reduce using rule 175 (relational_expression)


state 83

  180 shift_expression: additive_expression .
  184 additive_expression: additive_expression . PLUS multiplicative_expression
  185                    | additive_expression . MINUS multiplicative_expression

    PLUS   shift, and go to state 191
    MINUS  shift, and go to state 192

    $default  reduce using rule 180 (shift_expression)


state 84

  183 additive_expression: multiplicative_expression .
  187 multiplicative_expression: multiplicative_expression . TIMES tilda_expression
  188                          | multiplicative_expression . DIVIDE tilda_expression
  189                          | multiplicative_expression . PERCENT tilda_expression

    TIMES    shift, and go to state 193
    DIVIDE   shift, and go to state 194
    PERCENT  shift, and go to state 195

    $default  reduce using rule 183 (additive_expression)


state 85

  186 multiplicative_expression: tilda_expression .
  191 tilda_expression: tilda_expression . TILDA cast_expression

    TILDA  shift, and go to state 196

    $default  reduce using rule 186 (multiplicative_expression)


state 86

  190 tilda_expression: cast_expression .
  193 cast_expression: cast_expression . DOLLAR type_decl

    DOLLAR  shift, and go to state 197

    $default  reduce using rule 190 (tilda_expression)


state 87

  192 cast_expression: unary_expression .

    $default  reduce using rule 192 (cast_expression)


state 88

  197 unary_expression: unary_operator . unary_expression

    ID            shift, and go to state 109
    STRING_LIT    shift, and go to state 2
    CHAR_LIT      shift, and go to state 3
    INT_VAL       shift, and go to state 4
    FLOAT_VAL     shift, and go to state 5
    LPAREN        shift, and go to state 7
    LBRACK        shift, and go to state 8
    PLUS          shift, and go to state 10
    MINUS         shift, and go to state 11
    TIMES         shift, and go to state 12
    EXCLAMATION   shift, and go to state 23
    PLUSPLUS      shift, and go to state 24
    MINUSMINUS    shift, and go to state 25
    POUNDPAREN    shift, and go to state 26
    PERCENTPAREN  shift, and go to state 27
    ATPAREN       shift, and go to state 28
    NEW           shift, and go to state 32
    SIZEOF        shift, and go to state 33
    TYPEOF        shift, and go to state 34
    TILDA         shift, and go to state 36
    DOWNCHUCK     shift, and go to state 37
    SPORK         shift, and go to state 42
    L_HACK        shift, and go to state 43

    array_exp           go to state 69
    complex_exp         go to state 71
    polar_exp           go to state 72
    vec_exp             go to state 73
    unary_expression    go to state 198
    unary_operator      go to state 88
    dur_expression      go to state 89
    postfix_expression  go to state 90
    primary_expression  go to state 91


state 89

  194 unary_expression: dur_expression .
  261 dur_expression: dur_expression . COLONCOLON postfix_expression

    COLONCOLON  shift, and go to state 199

    $default  reduce using rule 194 (unary_expression)


state 90

  260 dur_expression: postfix_expression .
  263 postfix_expression: postfix_expression . array_exp
  264                   | postfix_expression . LPAREN RPAREN
  265                   | postfix_expression . LPAREN expression RPAREN
  266                   | postfix_expression . DOT ID
  267                   | postfix_expression . PLUSPLUS
  268                   | postfix_expression . MINUSMINUS

    LPAREN      shift, and go to state 200
    LBRACK      shift, and go to state 8
    DOT         shift, and go to state 201
    PLUSPLUS    shift, and go to state 202
    MINUSMINUS  shift, and go to state 203

    $default  reduce using rule 260 (dur_expression)

    array_exp  go to state 204


state 91

  262 postfix_expression: primary_expression .

    $default  reduce using rule 262 (postfix_expression)


state 92

   51 type_decl_a: ID AT_SYM .

    $default  reduce using rule 51 (type_decl_a)


state 93

  280 primary_expression: LPAREN RPAREN .

    $default  reduce using rule 280 (primary_expression)


state 94

  109 expression: expression . COMMA chuck_expression
  279 primary_expression: LPAREN expression . RPAREN

    COMMA   shift, and go to state 152
    RPAREN  shift, and go to state 205


state 95

  109 expression: expression . COMMA chuck_expression
  114 array_exp: LBRACK expression . RBRACK
  115          | LBRACK expression . COMMA RBRACK
  116          | LBRACK expression . RBRACK array_exp
  117          | LBRACK expression . COMMA RBRACK array_exp

    COMMA   shift, and go to state 206
    RBRACK  shift, and go to state 207


state 96

   84 code_segment: LBRACE RBRACE .

    $default  reduce using rule 84 (code_segment)


state 97

   61 statement_list: statement_list . statement
   85 code_segment: LBRACE statement_list . RBRACE

    ID            shift, and go to state 1
    STRING_LIT    shift, and go to state 2
    CHAR_LIT      shift, and go to state 3
    INT_VAL       shift, and go to state 4
    FLOAT_VAL     shift, and go to state 5
    SEMICOLON     shift, and go to state 6
    LPAREN        shift, and go to state 7
    LBRACK        shift, and go to state 8
    LBRACE        shift, and go to state 9
    RBRACE        shift, and go to state 208
    PLUS          shift, and go to state 10
    MINUS         shift, and go to state 11
    TIMES         shift, and go to state 12
    LT            shift, and go to state 13
    IF            shift, and go to state 14
    WHILE         shift, and go to state 15
    FOR           shift, and go to state 16
    DO            shift, and go to state 17
    LOOP          shift, and go to state 18
    BREAK         shift, and go to state 19
    CONTINUE      shift, and go to state 20
    RETURN        shift, and go to state 22
    EXCLAMATION   shift, and go to state 23
    PLUSPLUS      shift, and go to state 24
    MINUSMINUS    shift, and go to state 25
    POUNDPAREN    shift, and go to state 26
    PERCENTPAREN  shift, and go to state 27
    ATPAREN       shift, and go to state 28
    UNTIL         shift, and go to state 29
    EXTERNAL      shift, and go to state 30
    GLOBAL        shift, and go to state 31
    NEW           shift, and go to state 32
    SIZEOF        shift, and go to state 33
    TYPEOF        shift, and go to state 34
    SAME          shift, and go to state 35
    TILDA         shift, and go to state 36
    DOWNCHUCK     shift, and go to state 37
    STATIC        shift, and go to state 41
    SPORK         shift, and go to state 42
    L_HACK        shift, and go to state 43
    AT_IMPORT     shift, and go to state 44
    AT_DOC        shift, and go to state 45
    AT_EXAMPLE    shift, and go to state 46

    type_decl_a                go to state 53
    type_decl_b                go to state 54
    type_decl                  go to state 55
    statement                  go to state 151
    jump_statement             go to state 58
    selection_statement        go to state 59
    loop_statement             go to state 60
    code_segment               go to state 61
    import_statement           go to state 62
    doc_statement              go to state 63
    example_statement          go to state 64
    expression_statement       go to state 65
    expression                 go to state 66
    chuck_expression           go to state 67
    arrow_expression           go to state 68
    array_exp                  go to state 69
    decl_expression            go to state 70
    complex_exp                go to state 71
    polar_exp                  go to state 72
    vec_exp                    go to state 73
    conditional_expression     go to state 74
    logical_or_expression      go to state 75
    logical_and_expression     go to state 76
    inclusive_or_expression    go to state 77
    exclusive_or_expression    go to state 78
    and_expression             go to state 79
    equality_expression        go to state 80
    relational_expression      go to state 81
    shift_expression           go to state 82
    additive_expression        go to state 83
    multiplicative_expression  go to state 84
    tilda_expression           go to state 85
    cast_expression            go to state 86
    unary_expression           go to state 87
    unary_operator             go to state 88
    dur_expression             go to state 89
    postfix_expression         go to state 90
    primary_expression         go to state 91


state 98

   24 id_dot: ID .
   25       | ID . DOT id_dot

    DOT  shift, and go to state 209

    $default  reduce using rule 24 (id_dot)


state 99

   52 type_decl_b: LT id_dot . GT
   53            | LT id_dot . GT AT_SYM

    GT  shift, and go to state 210


state 100

   74 selection_statement: IF LPAREN . expression RPAREN statement
   75                    | IF LPAREN . expression RPAREN statement ELSE statement

    ID            shift, and go to state 1
    STRING_LIT    shift, and go to state 2
    CHAR_LIT      shift, and go to state 3
    INT_VAL       shift, and go to state 4
    FLOAT_VAL     shift, and go to state 5
    LPAREN        shift, and go to state 7
    LBRACK        shift, and go to state 8
    PLUS          shift, and go to state 10
    MINUS         shift, and go to state 11
    TIMES         shift, and go to state 12
    LT            shift, and go to state 13
    EXCLAMATION   shift, and go to state 23
    PLUSPLUS      shift, and go to state 24
    MINUSMINUS    shift, and go to state 25
    POUNDPAREN    shift, and go to state 26
    PERCENTPAREN  shift, and go to state 27
    ATPAREN       shift, and go to state 28
    EXTERNAL      shift, and go to state 30
    GLOBAL        shift, and go to state 31
    NEW           shift, and go to state 32
    SIZEOF        shift, and go to state 33
    TYPEOF        shift, and go to state 34
    SAME          shift, and go to state 35
    TILDA         shift, and go to state 36
    DOWNCHUCK     shift, and go to state 37
    STATIC        shift, and go to state 41
    SPORK         shift, and go to state 42
    L_HACK        shift, and go to state 43

    type_decl_a                go to state 53
    type_decl_b                go to state 54
    type_decl                  go to state 55
    expression                 go to state 211
    chuck_expression           go to state 67
    arrow_expression           go to state 68
    array_exp                  go to state 69
    decl_expression            go to state 70
    complex_exp                go to state 71
    polar_exp                  go to state 72
    vec_exp                    go to state 73
    conditional_expression     go to state 74
    logical_or_expression      go to state 75
    logical_and_expression     go to state 76
    inclusive_or_expression    go to state 77
    exclusive_or_expression    go to state 78
    and_expression             go to state 79
    equality_expression        go to state 80
    relational_expression      go to state 81
    shift_expression           go to state 82
    additive_expression        go to state 83
    multiplicative_expression  go to state 84
    tilda_expression           go to state 85
    cast_expression            go to state 86
    unary_expression           go to state 87
    unary_operator             go to state 88
    dur_expression             go to state 89
    postfix_expression         go to state 90
    primary_expression         go to state 91


state 101

   76 loop_statement: WHILE LPAREN . expression RPAREN statement

    ID            shift, and go to state 1
    STRING_LIT    shift, and go to state 2
    CHAR_LIT      shift, and go to state 3
    INT_VAL       shift, and go to state 4
    FLOAT_VAL     shift, and go to state 5
    LPAREN        shift, and go to state 7
    LBRACK        shift, and go to state 8
    PLUS          shift, and go to state 10
    MINUS         shift, and go to state 11
    TIMES         shift, and go to state 12
    LT            shift, and go to state 13
    EXCLAMATION   shift, and go to state 23
    PLUSPLUS      shift, and go to state 24
    MINUSMINUS    shift, and go to state 25
    POUNDPAREN    shift, and go to state 26
    PERCENTPAREN  shift, and go to state 27
    ATPAREN       shift, and go to state 28
    EXTERNAL      shift, and go to state 30
    GLOBAL        shift, and go to state 31
    NEW           shift, and go to state 32
    SIZEOF        shift, and go to state 33
    TYPEOF        shift, and go to state 34
    SAME          shift, and go to state 35
    TILDA         shift, and go to state 36
    DOWNCHUCK     shift, and go to state 37
    STATIC        shift, and go to state 41
    SPORK         shift, and go to state 42
    L_HACK        shift, and go to state 43

    type_decl_a                go to state 53
    type_decl_b                go to state 54
    type_decl                  go to state 55
    expression                 go to state 212
    chuck_expression           go to state 67
    arrow_expression           go to state 68
    array_exp                  go to state 69
    decl_expression            go to state 70
    complex_exp                go to state 71
    polar_exp                  go to state 72
    vec_exp                    go to state 73
    conditional_expression     go to state 74
    logical_or_expression      go to state 75
    logical_and_expression     go to state 76
    inclusive_or_expression    go to state 77
    exclusive_or_expression    go to state 78
    and_expression             go to state 79
    equality_expression        go to state 80
    relational_expression      go to state 81
    shift_expression           go to state 82
    additive_expression        go to state 83
    multiplicative_expression  go to state 84
    tilda_expression           go to state 85
    cast_expression            go to state 86
    unary_expression           go to state 87
    unary_operator             go to state 88
    dur_expression             go to state 89
    postfix_expression         go to state 90
    primary_expression         go to state 91


state 102

   78 loop_statement: FOR LPAREN . expression_statement expression_statement RPAREN statement
   79               | FOR LPAREN . expression_statement expression_statement expression RPAREN statement
   80               | FOR LPAREN . expression COLON expression RPAREN statement

    ID            shift, and go to state 1
    STRING_LIT    shift, and go to state 2
    CHAR_LIT      shift, and go to state 3
    INT_VAL       shift, and go to state 4
    FLOAT_VAL     shift, and go to state 5
    SEMICOLON     shift, and go to state 6
    LPAREN        shift, and go to state 7
    LBRACK        shift, and go to state 8
    PLUS          shift, and go to state 10
    MINUS         shift, and go to state 11
    TIMES         shift, and go to state 12
    LT            shift, and go to state 13
    EXCLAMATION   shift, and go to state 23
    PLUSPLUS      shift, and go to state 24
    MINUSMINUS    shift, and go to state 25
    POUNDPAREN    shift, and go to state 26
    PERCENTPAREN  shift, and go to state 27
    ATPAREN       shift, and go to state 28
    EXTERNAL      shift, and go to state 30
    GLOBAL        shift, and go to state 31
    NEW           shift, and go to state 32
    SIZEOF        shift, and go to state 33
    TYPEOF        shift, and go to state 34
    SAME          shift, and go to state 35
    TILDA         shift, and go to state 36
    DOWNCHUCK     shift, and go to state 37
    STATIC        shift, and go to state 41
    SPORK         shift, and go to state 42
    L_HACK        shift, and go to state 43

    type_decl_a                go to state 53
    type_decl_b                go to state 54
    type_decl                  go to state 55
    expression_statement       go to state 213
    expression                 go to state 214
    chuck_expression           go to state 67
    arrow_expression           go to state 68
    array_exp                  go to state 69
    decl_expression            go to state 70
    complex_exp                go to state 71
    polar_exp                  go to state 72
    vec_exp                    go to state 73
    conditional_expression     go to state 74
    logical_or_expression      go to state 75
    logical_and_expression     go to state 76
    inclusive_or_expression    go to state 77
    exclusive_or_expression    go to state 78
    and_expression             go to state 79
    equality_expression        go to state 80
    relational_expression      go to state 81
    shift_expression           go to state 82
    additive_expression        go to state 83
    multiplicative_expression  go to state 84
    tilda_expression           go to state 85
    cast_expression            go to state 86
    unary_expression           go to state 87
    unary_operator             go to state 88
    dur_expression             go to state 89
    postfix_expression         go to state 90
    primary_expression         go to state 91


state 103

   77 loop_statement: DO statement . WHILE LPAREN expression RPAREN SEMICOLON
   82               | DO statement . UNTIL LPAREN expression RPAREN SEMICOLON

    WHILE  shift, and go to state 215
    UNTIL  shift, and go to state 216


state 104

   83 loop_statement: LOOP LPAREN . expression RPAREN statement

    ID            shift, and go to state 1
    STRING_LIT    shift, and go to state 2
    CHAR_LIT      shift, and go to state 3
    INT_VAL       shift, and go to state 4
    FLOAT_VAL     shift, and go to state 5
    LPAREN        shift, and go to state 7
    LBRACK        shift, and go to state 8
    PLUS          shift, and go to state 10
    MINUS         shift, and go to state 11
    TIMES         shift, and go to state 12
    LT            shift, and go to state 13
    EXCLAMATION   shift, and go to state 23
    PLUSPLUS      shift, and go to state 24
    MINUSMINUS    shift, and go to state 25
    POUNDPAREN    shift, and go to state 26
    PERCENTPAREN  shift, and go to state 27
    ATPAREN       shift, and go to state 28
    EXTERNAL      shift, and go to state 30
    GLOBAL        shift, and go to state 31
    NEW           shift, and go to state 32
    SIZEOF        shift, and go to state 33
    TYPEOF        shift, and go to state 34
    SAME          shift, and go to state 35
    TILDA         shift, and go to state 36
    DOWNCHUCK     shift, and go to state 37
    STATIC        shift, and go to state 41
    SPORK         shift, and go to state 42
    L_HACK        shift, and go to state 43

    type_decl_a                go to state 53
    type_decl_b                go to state 54
    type_decl                  go to state 55
    expression                 go to state 217
    chuck_expression           go to state 67
    arrow_expression           go to state 68
    array_exp                  go to state 69
    decl_expression            go to state 70
    complex_exp                go to state 71
    polar_exp                  go to state 72
    vec_exp                    go to state 73
    conditional_expression     go to state 74
    logical_or_expression      go to state 75
    logical_and_expression     go to state 76
    inclusive_or_expression    go to state 77
    exclusive_or_expression    go to state 78
    and_expression             go to state 79
    equality_expression        go to state 80
    relational_expression      go to state 81
    shift_expression           go to state 82
    additive_expression        go to state 83
    multiplicative_expression  go to state 84
    tilda_expression           go to state 85
    cast_expression            go to state 86
    unary_expression           go to state 87
    unary_operator             go to state 88
    dur_expression             go to state 89
    postfix_expression         go to state 90
    primary_expression         go to state 91


state 105

   72 jump_statement: BREAK SEMICOLON .

    $default  reduce using rule 72 (jump_statement)


state 106

   73 jump_statement: CONTINUE SEMICOLON .

    $default  reduce using rule 73 (jump_statement)


state 107

   70 jump_statement: RETURN SEMICOLON .

    $default  reduce using rule 70 (jump_statement)


state 108

   71 jump_statement: RETURN expression . SEMICOLON
  109 expression: expression . COMMA chuck_expression

    COMMA      shift, and go to state 152
    SEMICOLON  shift, and go to state 218


state 109

  269 primary_expression: ID .

    $default  reduce using rule 269 (primary_expression)


state 110

  195 unary_expression: PLUSPLUS unary_expression .

    $default  reduce using rule 195 (unary_expression)


state 111

  196 unary_expression: MINUSMINUS unary_expression .

    $default  reduce using rule 196 (unary_expression)


state 112

  109 expression: expression . COMMA chuck_expression
  136 complex_exp: POUNDPAREN expression . RPAREN

    COMMA   shift, and go to state 152
    RPAREN  shift, and go to state 219


state 113

  109 expression: expression . COMMA chuck_expression
  137 polar_exp: PERCENTPAREN expression . RPAREN

    COMMA   shift, and go to state 152
    RPAREN  shift, and go to state 220


state 114

  109 expression: expression . COMMA chuck_expression
  138 vec_exp: ATPAREN expression . RPAREN

    COMMA   shift, and go to state 152
    RPAREN  shift, and go to state 221


state 115

   81 loop_statement: UNTIL LPAREN . expression RPAREN statement

    ID            shift, and go to state 1
    STRING_LIT    shift, and go to state 2
    CHAR_LIT      shift, and go to state 3
    INT_VAL       shift, and go to state 4
    FLOAT_VAL     shift, and go to state 5
    LPAREN        shift, and go to state 7
    LBRACK        shift, and go to state 8
    PLUS          shift, and go to state 10
    MINUS         shift, and go to state 11
    TIMES         shift, and go to state 12
    LT            shift, and go to state 13
    EXCLAMATION   shift, and go to state 23
    PLUSPLUS      shift, and go to state 24
    MINUSMINUS    shift, and go to state 25
    POUNDPAREN    shift, and go to state 26
    PERCENTPAREN  shift, and go to state 27
    ATPAREN       shift, and go to state 28
    EXTERNAL      shift, and go to state 30
    GLOBAL        shift, and go to state 31
    NEW           shift, and go to state 32
    SIZEOF        shift, and go to state 33
    TYPEOF        shift, and go to state 34
    SAME          shift, and go to state 35
    TILDA         shift, and go to state 36
    DOWNCHUCK     shift, and go to state 37
    STATIC        shift, and go to state 41
    SPORK         shift, and go to state 42
    L_HACK        shift, and go to state 43

    type_decl_a                go to state 53
    type_decl_b                go to state 54
    type_decl                  go to state 55
    expression                 go to state 222
    chuck_expression           go to state 67
    arrow_expression           go to state 68
    array_exp                  go to state 69
    decl_expression            go to state 70
    complex_exp                go to state 71
    polar_exp                  go to state 72
    vec_exp                    go to state 73
    conditional_expression     go to state 74
    logical_or_expression      go to state 75
    logical_and_expression     go to state 76
    inclusive_or_expression    go to state 77
    exclusive_or_expression    go to state 78
    and_expression             go to state 79
    equality_expression        go to state 80
    relational_expression      go to state 81
    shift_expression           go to state 82
    additive_expression        go to state 83
    multiplicative_expression  go to state 84
    tilda_expression           go to state 85
    cast_expression            go to state 86
    unary_expression           go to state 87
    unary_operator             go to state 88
    dur_expression             go to state 89
    postfix_expression         go to state 90
    primary_expression         go to state 91


state 116

   50 type_decl_a: ID .
   51            | ID . AT_SYM

    AT_SYM  shift, and go to state 92

    $default  reduce using rule 50 (type_decl_a)


state 117

  122 decl_expression: EXTERNAL type_decl . var_decl_list

    ID  shift, and go to state 122

    var_decl_list  go to state 223
    var_decl       go to state 124


state 118

  123 decl_expression: GLOBAL type_decl . var_decl_list

    ID  shift, and go to state 122

    var_decl_list  go to state 224
    var_decl       go to state 124


state 119

  200 unary_expression: NEW type_decl .
  201                 | NEW type_decl . array_exp
  202                 | NEW type_decl . LPAREN RPAREN
  203                 | NEW type_decl . LPAREN expression RPAREN
  204                 | NEW type_decl . LPAREN RPAREN array_exp
  205                 | NEW type_decl . LPAREN expression RPAREN array_exp

    LPAREN  shift, and go to state 225
    LBRACK  shift, and go to state 8

    $default  reduce using rule 200 (unary_expression)

    array_exp  go to state 226


state 120

  199 unary_expression: SIZEOF unary_expression .

    $default  reduce using rule 199 (unary_expression)


state 121

  198 unary_expression: TYPEOF unary_expression .

    $default  reduce using rule 198 (unary_expression)


state 122

  129 var_decl: ID .
  130         | ID . array_exp
  131         | ID . array_empty
  132         | ID . LPAREN RPAREN
  133         | ID . LPAREN expression RPAREN
  134         | ID . LPAREN RPAREN array_exp
  135         | ID . LPAREN expression RPAREN array_exp

    LPAREN  shift, and go to state 227
    LBRACK  shift, and go to state 228

    $default  reduce using rule 129 (var_decl)

    array_exp    go to state 229
    array_empty  go to state 230


state 123

  125 decl_expression: SAME var_decl_list .

    $default  reduce using rule 125 (decl_expression)


state 124

  127 var_decl_list: var_decl .
  128              | var_decl . COMMA var_decl_list

    COMMA  shift, and go to state 231

    COMMA     [reduce using rule 127 (var_decl_list)]
    $default  reduce using rule 127 (var_decl_list)


state 125

  126 decl_expression: STATIC SAME . var_decl_list

    ID  shift, and go to state 122

    var_decl_list  go to state 232
    var_decl       go to state 124


state 126

  124 decl_expression: STATIC type_decl . var_decl_list

    ID  shift, and go to state 122

    var_decl_list  go to state 233
    var_decl       go to state 124


state 127

  211 unary_operator: SPORK TILDA .

    $default  reduce using rule 211 (unary_operator)


state 128

  109 expression: expression . COMMA chuck_expression
  278 primary_expression: L_HACK expression . R_HACK

    COMMA   shift, and go to state 152
    R_HACK  shift, and go to state 234


state 129

   93 import_target: STRING_LIT .

    $default  reduce using rule 93 (import_target)


state 130

   87 import_statement: AT_IMPORT LBRACK . RBRACK
   89                 | AT_IMPORT LBRACK . import_list LBRACK

    STRING_LIT  shift, and go to state 129
    RBRACK      shift, and go to state 235

    import_list    go to state 236
    import_target  go to state 237


state 131

   88 import_statement: AT_IMPORT LBRACE . RBRACE
   90                 | AT_IMPORT LBRACE . import_list RBRACE

    STRING_LIT  shift, and go to state 129
    RBRACE      shift, and go to state 238

    import_list    go to state 239
    import_target  go to state 237


state 132

   86 import_statement: AT_IMPORT import_target .

    $default  reduce using rule 86 (import_statement)


state 133

   99 doc_target: STRING_LIT .

    $default  reduce using rule 99 (doc_target)


state 134

   95 doc_statement: AT_DOC LBRACK . doc_list RBRACK

    STRING_LIT  shift, and go to state 133

    doc_list    go to state 240
    doc_target  go to state 241


state 135

   96 doc_statement: AT_DOC LBRACE . doc_list RBRACE

    STRING_LIT  shift, and go to state 133

    doc_list    go to state 242
    doc_target  go to state 241


state 136

   94 doc_statement: AT_DOC doc_target .

    $default  reduce using rule 94 (doc_statement)


state 137

  105 example_target: STRING_LIT .

    $default  reduce using rule 105 (example_target)


state 138

  101 example_statement: AT_EXAMPLE LBRACK . example_list RBRACK

    STRING_LIT  shift, and go to state 137

    example_list    go to state 243
    example_target  go to state 244


state 139

  102 example_statement: AT_EXAMPLE LBRACE . example_list RBRACE

    STRING_LIT  shift, and go to state 137

    example_list    go to state 245
    example_target  go to state 244


state 140

  100 example_statement: AT_EXAMPLE example_target .

    $default  reduce using rule 100 (example_statement)


state 141

    0 $accept: program $end .

    $default  accept


state 142

    2 program: program program_section .

    $default  reduce using rule 2 (program)


state 143

    6 class_definition: class_decl CLASS . id_list LBRACE class_body RBRACE
    7                 | class_decl CLASS . id_list class_ext LBRACE class_body RBRACE

    ID  shift, and go to state 246

    id_list  go to state 247


state 144

    8 class_definition: class_decl INTERFACE . id_list LBRACE class_body RBRACE
    9                 | class_decl INTERFACE . id_list iface_ext LBRACE class_body RBRACE

    ID  shift, and go to state 246

    id_list  go to state 248


state 145

   47 static_decl: STATIC .

    $default  reduce using rule 47 (static_decl)


state 146

   48 static_decl: ABSTRACT .

    $default  reduce using rule 48 (static_decl)


state 147

   30 function_definition: function_decl AT_CTOR . LPAREN arg_list RPAREN code_segment
   31                    | function_decl AT_CTOR . LPAREN RPAREN code_segment

    LPAREN  shift, and go to state 249


state 148

   32 function_definition: function_decl AT_DTOR . LPAREN RPAREN code_segment
   33                    | function_decl AT_DTOR . LPAREN arg_list RPAREN code_segment

    LPAREN  shift, and go to state 250


state 149

   26 function_definition: function_decl static_decl . type_decl2 ID LPAREN arg_list RPAREN code_segment
   27                    | function_decl static_decl . type_decl2 ID LPAREN RPAREN code_segment
   28                    | function_decl static_decl . ID LPAREN arg_list RPAREN code_segment
   29                    | function_decl static_decl . ID LPAREN RPAREN code_segment
   34                    | function_decl static_decl . type_decl2 ID LPAREN arg_list RPAREN SEMICOLON
   35                    | function_decl static_decl . type_decl2 ID LPAREN RPAREN SEMICOLON
   36                    | function_decl static_decl . type_decl2 AT_OP overloadable_operator LPAREN arg_list RPAREN code_segment
   37                    | function_decl static_decl . type_decl2 AT_OP LPAREN arg_list RPAREN overloadable_operator code_segment
   38                    | function_decl static_decl . type_decl2 AT_OP LPAREN overloadable_operator RPAREN LPAREN arg_list RPAREN code_segment
   39                    | function_decl static_decl . type_decl2 AT_OP LPAREN arg_list RPAREN LPAREN overloadable_operator RPAREN code_segment

    ID  shift, and go to state 251
    LT  shift, and go to state 13

    type_decl_a  go to state 53
    type_decl_b  go to state 54
    type_decl    go to state 252
    type_decl2   go to state 253


state 150

  121 decl_expression: type_decl var_decl_list .

    $default  reduce using rule 121 (decl_expression)


state 151

   61 statement_list: statement_list statement .

    $default  reduce using rule 61 (statement_list)


state 152

  109 expression: expression COMMA . chuck_expression

    ID            shift, and go to state 1
    STRING_LIT    shift, and go to state 2
    CHAR_LIT      shift, and go to state 3
    INT_VAL       shift, and go to state 4
    FLOAT_VAL     shift, and go to state 5
    LPAREN        shift, and go to state 7
    LBRACK        shift, and go to state 8
    PLUS          shift, and go to state 10
    MINUS         shift, and go to state 11
    TIMES         shift, and go to state 12
    LT            shift, and go to state 13
    EXCLAMATION   shift, and go to state 23
    PLUSPLUS      shift, and go to state 24
    MINUSMINUS    shift, and go to state 25
    POUNDPAREN    shift, and go to state 26
    PERCENTPAREN  shift, and go to state 27
    ATPAREN       shift, and go to state 28
    EXTERNAL      shift, and go to state 30
    GLOBAL        shift, and go to state 31
    NEW           shift, and go to state 32
    SIZEOF        shift, and go to state 33
    TYPEOF        shift, and go to state 34
    SAME          shift, and go to state 35
    TILDA         shift, and go to state 36
    DOWNCHUCK     shift, and go to state 37
    STATIC        shift, and go to state 41
    SPORK         shift, and go to state 42
    L_HACK        shift, and go to state 43

    type_decl_a                go to state 53
    type_decl_b                go to state 54
    type_decl                  go to state 55
    chuck_expression           go to state 254
    arrow_expression           go to state 68
    array_exp                  go to state 69
    decl_expression            go to state 70
    complex_exp                go to state 71
    polar_exp                  go to state 72
    vec_exp                    go to state 73
    conditional_expression     go to state 74
    logical_or_expression      go to state 75
    logical_and_expression     go to state 76
    inclusive_or_expression    go to state 77
    exclusive_or_expression    go to state 78
    and_expression             go to state 79
    equality_expression        go to state 80
    relational_expression      go to state 81
    shift_expression           go to state 82
    additive_expression        go to state 83
    multiplicative_expression  go to state 84
    tilda_expression           go to state 85
    cast_expression            go to state 86
    unary_expression           go to state 87
    unary_operator             go to state 88
    dur_expression             go to state 89
    postfix_expression         go to state 90
    primary_expression         go to state 91


state 153

  107 expression_statement: expression SEMICOLON .

    $default  reduce using rule 107 (expression_statement)


state 154

  141 chuck_operator: PLUS_CHUCK .

    $default  reduce using rule 141 (chuck_operator)


state 155

  142 chuck_operator: MINUS_CHUCK .

    $default  reduce using rule 142 (chuck_operator)


state 156

  143 chuck_operator: TIMES_CHUCK .

    $default  reduce using rule 143 (chuck_operator)


state 157

  144 chuck_operator: DIVIDE_CHUCK .

    $default  reduce using rule 144 (chuck_operator)


state 158

  151 chuck_operator: S_AND_CHUCK .

    $default  reduce using rule 151 (chuck_operator)


state 159

  152 chuck_operator: S_OR_CHUCK .

    $default  reduce using rule 152 (chuck_operator)


state 160

  153 chuck_operator: S_XOR_CHUCK .

    $default  reduce using rule 153 (chuck_operator)


state 161

  145 chuck_operator: SHIFT_RIGHT_CHUCK .

    $default  reduce using rule 145 (chuck_operator)


state 162

  146 chuck_operator: SHIFT_LEFT_CHUCK .

    $default  reduce using rule 146 (chuck_operator)


state 163

  147 chuck_operator: PERCENT_CHUCK .

    $default  reduce using rule 147 (chuck_operator)


state 164

  139 chuck_operator: CHUCK .

    $default  reduce using rule 139 (chuck_operator)


state 165

  140 chuck_operator: AT_CHUCK .

    $default  reduce using rule 140 (chuck_operator)


state 166

  148 chuck_operator: UNCHUCK .

    $default  reduce using rule 148 (chuck_operator)


state 167

  149 chuck_operator: UPCHUCK .

    $default  reduce using rule 149 (chuck_operator)


state 168

  150 chuck_operator: DOWNCHUCK .

    $default  reduce using rule 150 (chuck_operator)


state 169

  111 chuck_expression: chuck_expression chuck_operator . arrow_expression

    ID            shift, and go to state 1
    STRING_LIT    shift, and go to state 2
    CHAR_LIT      shift, and go to state 3
    INT_VAL       shift, and go to state 4
    FLOAT_VAL     shift, and go to state 5
    LPAREN        shift, and go to state 7
    LBRACK        shift, and go to state 8
    PLUS          shift, and go to state 10
    MINUS         shift, and go to state 11
    TIMES         shift, and go to state 12
    LT            shift, and go to state 13
    EXCLAMATION   shift, and go to state 23
    PLUSPLUS      shift, and go to state 24
    MINUSMINUS    shift, and go to state 25
    POUNDPAREN    shift, and go to state 26
    PERCENTPAREN  shift, and go to state 27
    ATPAREN       shift, and go to state 28
    EXTERNAL      shift, and go to state 30
    GLOBAL        shift, and go to state 31
    NEW           shift, and go to state 32
    SIZEOF        shift, and go to state 33
    TYPEOF        shift, and go to state 34
    SAME          shift, and go to state 35
    TILDA         shift, and go to state 36
    DOWNCHUCK     shift, and go to state 37
    STATIC        shift, and go to state 41
    SPORK         shift, and go to state 42
    L_HACK        shift, and go to state 43

    type_decl_a                go to state 53
    type_decl_b                go to state 54
    type_decl                  go to state 55
    arrow_expression           go to state 255
    array_exp                  go to state 69
    decl_expression            go to state 70
    complex_exp                go to state 71
    polar_exp                  go to state 72
    vec_exp                    go to state 73
    conditional_expression     go to state 74
    logical_or_expression      go to state 75
    logical_and_expression     go to state 76
    inclusive_or_expression    go to state 77
    exclusive_or_expression    go to state 78
    and_expression             go to state 79
    equality_expression        go to state 80
    relational_expression      go to state 81
    shift_expression           go to state 82
    additive_expression        go to state 83
    multiplicative_expression  go to state 84
    tilda_expression           go to state 85
    cast_expression            go to state 86
    unary_expression           go to state 87
    unary_operator             go to state 88
    dur_expression             go to state 89
    postfix_expression         go to state 90
    primary_expression         go to state 91


state 170

  155 arrow_operator: ARROW_RIGHT .

    $default  reduce using rule 155 (arrow_operator)


state 171

  154 arrow_operator: ARROW_LEFT .

    $default  reduce using rule 154 (arrow_operator)


state 172

  157 arrow_operator: GRUCK_RIGHT .

    $default  reduce using rule 157 (arrow_operator)


state 173

  156 arrow_operator: GRUCK_LEFT .

    $default  reduce using rule 156 (arrow_operator)


state 174

  159 arrow_operator: UNGRUCK_RIGHT .

    $default  reduce using rule 159 (arrow_operator)


state 175

  158 arrow_operator: UNGRUCK_LEFT .

    $default  reduce using rule 158 (arrow_operator)


state 176

  113 arrow_expression: arrow_expression arrow_operator . decl_expression

    ID            shift, and go to state 1
    STRING_LIT    shift, and go to state 2
    CHAR_LIT      shift, and go to state 3
    INT_VAL       shift, and go to state 4
    FLOAT_VAL     shift, and go to state 5
    LPAREN        shift, and go to state 7
    LBRACK        shift, and go to state 8
    PLUS          shift, and go to state 10
    MINUS         shift, and go to state 11
    TIMES         shift, and go to state 12
    LT            shift, and go to state 13
    EXCLAMATION   shift, and go to state 23
    PLUSPLUS      shift, and go to state 24
    MINUSMINUS    shift, and go to state 25
    POUNDPAREN    shift, and go to state 26
    PERCENTPAREN  shift, and go to state 27
    ATPAREN       shift, and go to state 28
    EXTERNAL      shift, and go to state 30
    GLOBAL        shift, and go to state 31
    NEW           shift, and go to state 32
    SIZEOF        shift, and go to state 33
    TYPEOF        shift, and go to state 34
    SAME          shift, and go to state 35
    TILDA         shift, and go to state 36
    DOWNCHUCK     shift, and go to state 37
    STATIC        shift, and go to state 41
    SPORK         shift, and go to state 42
    L_HACK        shift, and go to state 43

    type_decl_a                go to state 53
    type_decl_b                go to state 54
    type_decl                  go to state 55
    array_exp                  go to state 69
    decl_expression            go to state 256
    complex_exp                go to state 71
    polar_exp                  go to state 72
    vec_exp                    go to state 73
    conditional_expression     go to state 74
    logical_or_expression      go to state 75
    logical_and_expression     go to state 76
    inclusive_or_expression    go to state 77
    exclusive_or_expression    go to state 78
    and_expression             go to state 79
    equality_expression        go to state 80
    relational_expression      go to state 81
    shift_expression           go to state 82
    additive_expression        go to state 83
    multiplicative_expression  go to state 84
    tilda_expression           go to state 85
    cast_expression            go to state 86
    unary_expression           go to state 87
    unary_operator             go to state 88
    dur_expression             go to state 89
    postfix_expression         go to state 90
    primary_expression         go to state 91


state 177

  163 logical_or_expression: logical_or_expression OR . logical_and_expression

    ID            shift, and go to state 109
    STRING_LIT    shift, and go to state 2
    CHAR_LIT      shift, and go to state 3
    INT_VAL       shift, and go to state 4
    FLOAT_VAL     shift, and go to state 5
    LPAREN        shift, and go to state 7
    LBRACK        shift, and go to state 8
    PLUS          shift, and go to state 10
    MINUS         shift, and go to state 11
    TIMES         shift, and go to state 12
    EXCLAMATION   shift, and go to state 23
    PLUSPLUS      shift, and go to state 24
    MINUSMINUS    shift, and go to state 25
    POUNDPAREN    shift, and go to state 26
    PERCENTPAREN  shift, and go to state 27
    ATPAREN       shift, and go to state 28
    NEW           shift, and go to state 32
    SIZEOF        shift, and go to state 33
    TYPEOF        shift, and go to state 34
    TILDA         shift, and go to state 36
    DOWNCHUCK     shift, and go to state 37
    SPORK         shift, and go to state 42
    L_HACK        shift, and go to state 43

    array_exp                  go to state 69
    complex_exp                go to state 71
    polar_exp                  go to state 72
    vec_exp                    go to state 73
    logical_and_expression     go to state 257
    inclusive_or_expression    go to state 77
    exclusive_or_expression    go to state 78
    and_expression             go to state 79
    equality_expression        go to state 80
    relational_expression      go to state 81
    shift_expression           go to state 82
    additive_expression        go to state 83
    multiplicative_expression  go to state 84
    tilda_expression           go to state 85
    cast_expression            go to state 86
    unary_expression           go to state 87
    unary_operator             go to state 88
    dur_expression             go to state 89
    postfix_expression         go to state 90
    primary_expression         go to state 91


state 178

  161 conditional_expression: logical_or_expression QUESTION . expression COLON conditional_expression

    ID            shift, and go to state 1
    STRING_LIT    shift, and go to state 2
    CHAR_LIT      shift, and go to state 3
    INT_VAL       shift, and go to state 4
    FLOAT_VAL     shift, and go to state 5
    LPAREN        shift, and go to state 7
    LBRACK        shift, and go to state 8
    PLUS          shift, and go to state 10
    MINUS         shift, and go to state 11
    TIMES         shift, and go to state 12
    LT            shift, and go to state 13
    EXCLAMATION   shift, and go to state 23
    PLUSPLUS      shift, and go to state 24
    MINUSMINUS    shift, and go to state 25
    POUNDPAREN    shift, and go to state 26
    PERCENTPAREN  shift, and go to state 27
    ATPAREN       shift, and go to state 28
    EXTERNAL      shift, and go to state 30
    GLOBAL        shift, and go to state 31
    NEW           shift, and go to state 32
    SIZEOF        shift, and go to state 33
    TYPEOF        shift, and go to state 34
    SAME          shift, and go to state 35
    TILDA         shift, and go to state 36
    DOWNCHUCK     shift, and go to state 37
    STATIC        shift, and go to state 41
    SPORK         shift, and go to state 42
    L_HACK        shift, and go to state 43

    type_decl_a                go to state 53
    type_decl_b                go to state 54
    type_decl                  go to state 55
    expression                 go to state 258
    chuck_expression           go to state 67
    arrow_expression           go to state 68
    array_exp                  go to state 69
    decl_expression            go to state 70
    complex_exp                go to state 71
    polar_exp                  go to state 72
    vec_exp                    go to state 73
    conditional_expression     go to state 74
    logical_or_expression      go to state 75
    logical_and_expression     go to state 76
    inclusive_or_expression    go to state 77
    exclusive_or_expression    go to state 78
    and_expression             go to state 79
    equality_expression        go to state 80
    relational_expression      go to state 81
    shift_expression           go to state 82
    additive_expression        go to state 83
    multiplicative_expression  go to state 84
    tilda_expression           go to state 85
    cast_expression            go to state 86
    unary_expression           go to state 87
    unary_operator             go to state 88
    dur_expression             go to state 89
    postfix_expression         go to state 90
    primary_expression         go to state 91


state 179

  165 logical_and_expression: logical_and_expression AND . inclusive_or_expression

    ID            shift, and go to state 109
    STRING_LIT    shift, and go to state 2
    CHAR_LIT      shift, and go to state 3
    INT_VAL       shift, and go to state 4
    FLOAT_VAL     shift, and go to state 5
    LPAREN        shift, and go to state 7
    LBRACK        shift, and go to state 8
    PLUS          shift, and go to state 10
    MINUS         shift, and go to state 11
    TIMES         shift, and go to state 12
    EXCLAMATION   shift, and go to state 23
    PLUSPLUS      shift, and go to state 24
    MINUSMINUS    shift, and go to state 25
    POUNDPAREN    shift, and go to state 26
    PERCENTPAREN  shift, and go to state 27
    ATPAREN       shift, and go to state 28
    NEW           shift, and go to state 32
    SIZEOF        shift, and go to state 33
    TYPEOF        shift, and go to state 34
    TILDA         shift, and go to state 36
    DOWNCHUCK     shift, and go to state 37
    SPORK         shift, and go to state 42
    L_HACK        shift, and go to state 43

    array_exp                  go to state 69
    complex_exp                go to state 71
    polar_exp                  go to state 72
    vec_exp                    go to state 73
    inclusive_or_expression    go to state 259
    exclusive_or_expression    go to state 78
    and_expression             go to state 79
    equality_expression        go to state 80
    relational_expression      go to state 81
    shift_expression           go to state 82
    additive_expression        go to state 83
    multiplicative_expression  go to state 84
    tilda_expression           go to state 85
    cast_expression            go to state 86
    unary_expression           go to state 87
    unary_operator             go to state 88
    dur_expression             go to state 89
    postfix_expression         go to state 90
    primary_expression         go to state 91


state 180

  167 inclusive_or_expression: inclusive_or_expression S_OR . exclusive_or_expression

    ID            shift, and go to state 109
    STRING_LIT    shift, and go to state 2
    CHAR_LIT      shift, and go to state 3
    INT_VAL       shift, and go to state 4
    FLOAT_VAL     shift, and go to state 5
    LPAREN        shift, and go to state 7
    LBRACK        shift, and go to state 8
    PLUS          shift, and go to state 10
    MINUS         shift, and go to state 11
    TIMES         shift, and go to state 12
    EXCLAMATION   shift, and go to state 23
    PLUSPLUS      shift, and go to state 24
    MINUSMINUS    shift, and go to state 25
    POUNDPAREN    shift, and go to state 26
    PERCENTPAREN  shift, and go to state 27
    ATPAREN       shift, and go to state 28
    NEW           shift, and go to state 32
    SIZEOF        shift, and go to state 33
    TYPEOF        shift, and go to state 34
    TILDA         shift, and go to state 36
    DOWNCHUCK     shift, and go to state 37
    SPORK         shift, and go to state 42
    L_HACK        shift, and go to state 43

    array_exp                  go to state 69
    complex_exp                go to state 71
    polar_exp                  go to state 72
    vec_exp                    go to state 73
    exclusive_or_expression    go to state 260
    and_expression             go to state 79
    equality_expression        go to state 80
    relational_expression      go to state 81
    shift_expression           go to state 82
    additive_expression        go to state 83
    multiplicative_expression  go to state 84
    tilda_expression           go to state 85
    cast_expression            go to state 86
    unary_expression           go to state 87
    unary_operator             go to state 88
    dur_expression             go to state 89
    postfix_expression         go to state 90
    primary_expression         go to state 91


state 181

  169 exclusive_or_expression: exclusive_or_expression S_XOR . and_expression

    ID            shift, and go to state 109
    STRING_LIT    shift, and go to state 2
    CHAR_LIT      shift, and go to state 3
    INT_VAL       shift, and go to state 4
    FLOAT_VAL     shift, and go to state 5
    LPAREN        shift, and go to state 7
    LBRACK        shift, and go to state 8
    PLUS          shift, and go to state 10
    MINUS         shift, and go to state 11
    TIMES         shift, and go to state 12
    EXCLAMATION   shift, and go to state 23
    PLUSPLUS      shift, and go to state 24
    MINUSMINUS    shift, and go to state 25
    POUNDPAREN    shift, and go to state 26
    PERCENTPAREN  shift, and go to state 27
    ATPAREN       shift, and go to state 28
    NEW           shift, and go to state 32
    SIZEOF        shift, and go to state 33
    TYPEOF        shift, and go to state 34
    TILDA         shift, and go to state 36
    DOWNCHUCK     shift, and go to state 37
    SPORK         shift, and go to state 42
    L_HACK        shift, and go to state 43

    array_exp                  go to state 69
    complex_exp                go to state 71
    polar_exp                  go to state 72
    vec_exp                    go to state 73
    and_expression             go to state 261
    equality_expression        go to state 80
    relational_expression      go to state 81
    shift_expression           go to state 82
    additive_expression        go to state 83
    multiplicative_expression  go to state 84
    tilda_expression           go to state 85
    cast_expression            go to state 86
    unary_expression           go to state 87
    unary_operator             go to state 88
    dur_expression             go to state 89
    postfix_expression         go to state 90
    primary_expression         go to state 91


state 182

  171 and_expression: and_expression S_AND . equality_expression

    ID            shift, and go to state 109
    STRING_LIT    shift, and go to state 2
    CHAR_LIT      shift, and go to state 3
    INT_VAL       shift, and go to state 4
    FLOAT_VAL     shift, and go to state 5
    LPAREN        shift, and go to state 7
    LBRACK        shift, and go to state 8
    PLUS          shift, and go to state 10
    MINUS         shift, and go to state 11
    TIMES         shift, and go to state 12
    EXCLAMATION   shift, and go to state 23
    PLUSPLUS      shift, and go to state 24
    MINUSMINUS    shift, and go to state 25
    POUNDPAREN    shift, and go to state 26
    PERCENTPAREN  shift, and go to state 27
    ATPAREN       shift, and go to state 28
    NEW           shift, and go to state 32
    SIZEOF        shift, and go to state 33
    TYPEOF        shift, and go to state 34
    TILDA         shift, and go to state 36
    DOWNCHUCK     shift, and go to state 37
    SPORK         shift, and go to state 42
    L_HACK        shift, and go to state 43

    array_exp                  go to state 69
    complex_exp                go to state 71
    polar_exp                  go to state 72
    vec_exp                    go to state 73
    equality_expression        go to state 262
    relational_expression      go to state 81
    shift_expression           go to state 82
    additive_expression        go to state 83
    multiplicative_expression  go to state 84
    tilda_expression           go to state 85
    cast_expression            go to state 86
    unary_expression           go to state 87
    unary_operator             go to state 88
    dur_expression             go to state 89
    postfix_expression         go to state 90
    primary_expression         go to state 91


state 183

  173 equality_expression: equality_expression EQ . relational_expression

    ID            shift, and go to state 109
    STRING_LIT    shift, and go to state 2
    CHAR_LIT      shift, and go to state 3
    INT_VAL       shift, and go to state 4
    FLOAT_VAL     shift, and go to state 5
    LPAREN        shift, and go to state 7
    LBRACK        shift, and go to state 8
    PLUS          shift, and go to state 10
    MINUS         shift, and go to state 11
    TIMES         shift, and go to state 12
    EXCLAMATION   shift, and go to state 23
    PLUSPLUS      shift, and go to state 24
    MINUSMINUS    shift, and go to state 25
    POUNDPAREN    shift, and go to state 26
    PERCENTPAREN  shift, and go to state 27
    ATPAREN       shift, and go to state 28
    NEW           shift, and go to state 32
    SIZEOF        shift, and go to state 33
    TYPEOF        shift, and go to state 34
    TILDA         shift, and go to state 36
    DOWNCHUCK     shift, and go to state 37
    SPORK         shift, and go to state 42
    L_HACK        shift, and go to state 43

    array_exp                  go to state 69
    complex_exp                go to state 71
    polar_exp                  go to state 72
    vec_exp                    go to state 73
    relational_expression      go to state 263
    shift_expression           go to state 82
    additive_expression        go to state 83
    multiplicative_expression  go to state 84
    tilda_expression           go to state 85
    cast_expression            go to state 86
    unary_expression           go to state 87
    unary_operator             go to state 88
    dur_expression             go to state 89
    postfix_expression         go to state 90
    primary_expression         go to state 91


state 184

  174 equality_expression: equality_expression NEQ . relational_expression

    ID            shift, and go to state 109
    STRING_LIT    shift, and go to state 2
    CHAR_LIT      shift, and go to state 3
    INT_VAL       shift, and go to state 4
    FLOAT_VAL     shift, and go to state 5
    LPAREN        shift, and go to state 7
    LBRACK        shift, and go to state 8
    PLUS          shift, and go to state 10
    MINUS         shift, and go to state 11
    TIMES         shift, and go to state 12
    EXCLAMATION   shift, and go to state 23
    PLUSPLUS      shift, and go to state 24
    MINUSMINUS    shift, and go to state 25
    POUNDPAREN    shift, and go to state 26
    PERCENTPAREN  shift, and go to state 27
    ATPAREN       shift, and go to state 28
    NEW           shift, and go to state 32
    SIZEOF        shift, and go to state 33
    TYPEOF        shift, and go to state 34
    TILDA         shift, and go to state 36
    DOWNCHUCK     shift, and go to state 37
    SPORK         shift, and go to state 42
    L_HACK        shift, and go to state 43

    array_exp                  go to state 69
    complex_exp                go to state 71
    polar_exp                  go to state 72
    vec_exp                    go to state 73
    relational_expression      go to state 264
    shift_expression           go to state 82
    additive_expression        go to state 83
    multiplicative_expression  go to state 84
    tilda_expression           go to state 85
    cast_expression            go to state 86
    unary_expression           go to state 87
    unary_operator             go to state 88
    dur_expression             go to state 89
    postfix_expression         go to state 90
    primary_expression         go to state 91


state 185

  176 relational_expression: relational_expression LT . shift_expression

    ID            shift, and go to state 109
    STRING_LIT    shift, and go to state 2
    CHAR_LIT      shift, and go to state 3
    INT_VAL       shift, and go to state 4
    FLOAT_VAL     shift, and go to state 5
    LPAREN        shift, and go to state 7
    LBRACK        shift, and go to state 8
    PLUS          shift, and go to state 10
    MINUS         shift, and go to state 11
    TIMES         shift, and go to state 12
    EXCLAMATION   shift, and go to state 23
    PLUSPLUS      shift, and go to state 24
    MINUSMINUS    shift, and go to state 25
    POUNDPAREN    shift, and go to state 26
    PERCENTPAREN  shift, and go to state 27
    ATPAREN       shift, and go to state 28
    NEW           shift, and go to state 32
    SIZEOF        shift, and go to state 33
    TYPEOF        shift, and go to state 34
    TILDA         shift, and go to state 36
    DOWNCHUCK     shift, and go to state 37
    SPORK         shift, and go to state 42
    L_HACK        shift, and go to state 43

    array_exp                  go to state 69
    complex_exp                go to state 71
    polar_exp                  go to state 72
    vec_exp                    go to state 73
    shift_expression           go to state 265
    additive_expression        go to state 83
    multiplicative_expression  go to state 84
    tilda_expression           go to state 85
    cast_expression            go to state 86
    unary_expression           go to state 87
    unary_operator             go to state 88
    dur_expression             go to state 89
    postfix_expression         go to state 90
    primary_expression         go to state 91


state 186

  178 relational_expression: relational_expression LE . shift_expression

    ID            shift, and go to state 109
    STRING_LIT    shift, and go to state 2
    CHAR_LIT      shift, and go to state 3
    INT_VAL       shift, and go to state 4
    FLOAT_VAL     shift, and go to state 5
    LPAREN        shift, and go to state 7
    LBRACK        shift, and go to state 8
    PLUS          shift, and go to state 10
    MINUS         shift, and go to state 11
    TIMES         shift, and go to state 12
    EXCLAMATION   shift, and go to state 23
    PLUSPLUS      shift, and go to state 24
    MINUSMINUS    shift, and go to state 25
    POUNDPAREN    shift, and go to state 26
    PERCENTPAREN  shift, and go to state 27
    ATPAREN       shift, and go to state 28
    NEW           shift, and go to state 32
    SIZEOF        shift, and go to state 33
    TYPEOF        shift, and go to state 34
    TILDA         shift, and go to state 36
    DOWNCHUCK     shift, and go to state 37
    SPORK         shift, and go to state 42
    L_HACK        shift, and go to state 43

    array_exp                  go to state 69
    complex_exp                go to state 71
    polar_exp                  go to state 72
    vec_exp                    go to state 73
    shift_expression           go to state 266
    additive_expression        go to state 83
    multiplicative_expression  go to state 84
    tilda_expression           go to state 85
    cast_expression            go to state 86
    unary_expression           go to state 87
    unary_operator             go to state 88
    dur_expression             go to state 89
    postfix_expression         go to state 90
    primary_expression         go to state 91


state 187

  177 relational_expression: relational_expression GT . shift_expression

    ID            shift, and go to state 109
    STRING_LIT    shift, and go to state 2
    CHAR_LIT      shift, and go to state 3
    INT_VAL       shift, and go to state 4
    FLOAT_VAL     shift, and go to state 5
    LPAREN        shift, and go to state 7
    LBRACK        shift, and go to state 8
    PLUS          shift, and go to state 10
    MINUS         shift, and go to state 11
    TIMES         shift, and go to state 12
    EXCLAMATION   shift, and go to state 23
    PLUSPLUS      shift, and go to state 24
    MINUSMINUS    shift, and go to state 25
    POUNDPAREN    shift, and go to state 26
    PERCENTPAREN  shift, and go to state 27
    ATPAREN       shift, and go to state 28
    NEW           shift, and go to state 32
    SIZEOF        shift, and go to state 33
    TYPEOF        shift, and go to state 34
    TILDA         shift, and go to state 36
    DOWNCHUCK     shift, and go to state 37
    SPORK         shift, and go to state 42
    L_HACK        shift, and go to state 43

    array_exp                  go to state 69
    complex_exp                go to state 71
    polar_exp                  go to state 72
    vec_exp                    go to state 73
    shift_expression           go to state 267
    additive_expression        go to state 83
    multiplicative_expression  go to state 84
    tilda_expression           go to state 85
    cast_expression            go to state 86
    unary_expression           go to state 87
    unary_operator             go to state 88
    dur_expression             go to state 89
    postfix_expression         go to state 90
    primary_expression         go to state 91


state 188

  179 relational_expression: relational_expression GE . shift_expression

    ID            shift, and go to state 109
    STRING_LIT    shift, and go to state 2
    CHAR_LIT      shift, and go to state 3
    INT_VAL       shift, and go to state 4
    FLOAT_VAL     shift, and go to state 5
    LPAREN        shift, and go to state 7
    LBRACK        shift, and go to state 8
    PLUS          shift, and go to state 10
    MINUS         shift, and go to state 11
    TIMES         shift, and go to state 12
    EXCLAMATION   shift, and go to state 23
    PLUSPLUS      shift, and go to state 24
    MINUSMINUS    shift, and go to state 25
    POUNDPAREN    shift, and go to state 26
    PERCENTPAREN  shift, and go to state 27
    ATPAREN       shift, and go to state 28
    NEW           shift, and go to state 32
    SIZEOF        shift, and go to state 33
    TYPEOF        shift, and go to state 34
    TILDA         shift, and go to state 36
    DOWNCHUCK     shift, and go to state 37
    SPORK         shift, and go to state 42
    L_HACK        shift, and go to state 43

    array_exp                  go to state 69
    complex_exp                go to state 71
    polar_exp                  go to state 72
    vec_exp                    go to state 73
    shift_expression           go to state 268
    additive_expression        go to state 83
    multiplicative_expression  go to state 84
    tilda_expression           go to state 85
    cast_expression            go to state 86
    unary_expression           go to state 87
    unary_operator             go to state 88
    dur_expression             go to state 89
    postfix_expression         go to state 90
    primary_expression         go to state 91


state 189

  182 shift_expression: shift_expression SHIFT_RIGHT . additive_expression

    ID            shift, and go to state 109
    STRING_LIT    shift, and go to state 2
    CHAR_LIT      shift, and go to state 3
    INT_VAL       shift, and go to state 4
    FLOAT_VAL     shift, and go to state 5
    LPAREN        shift, and go to state 7
    LBRACK        shift, and go to state 8
    PLUS          shift, and go to state 10
    MINUS         shift, and go to state 11
    TIMES         shift, and go to state 12
    EXCLAMATION   shift, and go to state 23
    PLUSPLUS      shift, and go to state 24
    MINUSMINUS    shift, and go to state 25
    POUNDPAREN    shift, and go to state 26
    PERCENTPAREN  shift, and go to state 27
    ATPAREN       shift, and go to state 28
    NEW           shift, and go to state 32
    SIZEOF        shift, and go to state 33
    TYPEOF        shift, and go to state 34
    TILDA         shift, and go to state 36
    DOWNCHUCK     shift, and go to state 37
    SPORK         shift, and go to state 42
    L_HACK        shift, and go to state 43

    array_exp                  go to state 69
    complex_exp                go to state 71
    polar_exp                  go to state 72
    vec_exp                    go to state 73
    additive_expression        go to state 269
    multiplicative_expression  go to state 84
    tilda_expression           go to state 85
    cast_expression            go to state 86
    unary_expression           go to state 87
    unary_operator             go to state 88
    dur_expression             go to state 89
    postfix_expression         go to state 90
    primary_expression         go to state 91


state 190

  181 shift_expression: shift_expression SHIFT_LEFT . additive_expression

    ID            shift, and go to state 109
    STRING_LIT    shift, and go to state 2
    CHAR_LIT      shift, and go to state 3
    INT_VAL       shift, and go to state 4
    FLOAT_VAL     shift, and go to state 5
    LPAREN        shift, and go to state 7
    LBRACK        shift, and go to state 8
    PLUS          shift, and go to state 10
    MINUS         shift, and go to state 11
    TIMES         shift, and go to state 12
    EXCLAMATION   shift, and go to state 23
    PLUSPLUS      shift, and go to state 24
    MINUSMINUS    shift, and go to state 25
    POUNDPAREN    shift, and go to state 26
    PERCENTPAREN  shift, and go to state 27
    ATPAREN       shift, and go to state 28
    NEW           shift, and go to state 32
    SIZEOF        shift, and go to state 33
    TYPEOF        shift, and go to state 34
    TILDA         shift, and go to state 36
    DOWNCHUCK     shift, and go to state 37
    SPORK         shift, and go to state 42
    L_HACK        shift, and go to state 43

    array_exp                  go to state 69
    complex_exp                go to state 71
    polar_exp                  go to state 72
    vec_exp                    go to state 73
    additive_expression        go to state 270
    multiplicative_expression  go to state 84
    tilda_expression           go to state 85
    cast_expression            go to state 86
    unary_expression           go to state 87
    unary_operator             go to state 88
    dur_expression             go to state 89
    postfix_expression         go to state 90
    primary_expression         go to state 91


state 191

  184 additive_expression: additive_expression PLUS . multiplicative_expression

    ID            shift, and go to state 109
    STRING_LIT    shift, and go to state 2
    CHAR_LIT      shift, and go to state 3
    INT_VAL       shift, and go to state 4
    FLOAT_VAL     shift, and go to state 5
    LPAREN        shift, and go to state 7
    LBRACK        shift, and go to state 8
    PLUS          shift, and go to state 10
    MINUS         shift, and go to state 11
    TIMES         shift, and go to state 12
    EXCLAMATION   shift, and go to state 23
    PLUSPLUS      shift, and go to state 24
    MINUSMINUS    shift, and go to state 25
    POUNDPAREN    shift, and go to state 26
    PERCENTPAREN  shift, and go to state 27
    ATPAREN       shift, and go to state 28
    NEW           shift, and go to state 32
    SIZEOF        shift, and go to state 33
    TYPEOF        shift, and go to state 34
    TILDA         shift, and go to state 36
    DOWNCHUCK     shift, and go to state 37
    SPORK         shift, and go to state 42
    L_HACK        shift, and go to state 43

    array_exp                  go to state 69
    complex_exp                go to state 71
    polar_exp                  go to state 72
    vec_exp                    go to state 73
    multiplicative_expression  go to state 271
    tilda_expression           go to state 85
    cast_expression            go to state 86
    unary_expression           go to state 87
    unary_operator             go to state 88
    dur_expression             go to state 89
    postfix_expression         go to state 90
    primary_expression         go to state 91


state 192

  185 additive_expression: additive_expression MINUS . multiplicative_expression

    ID            shift, and go to state 109
    STRING_LIT    shift, and go to state 2
    CHAR_LIT      shift, and go to state 3
    INT_VAL       shift, and go to state 4
    FLOAT_VAL     shift, and go to state 5
    LPAREN        shift, and go to state 7
    LBRACK        shift, and go to state 8
    PLUS          shift, and go to state 10
    MINUS         shift, and go to state 11
    TIMES         shift, and go to state 12
    EXCLAMATION   shift, and go to state 23
    PLUSPLUS      shift, and go to state 24
    MINUSMINUS    shift, and go to state 25
    POUNDPAREN    shift, and go to state 26
    PERCENTPAREN  shift, and go to state 27
    ATPAREN       shift, and go to state 28
    NEW           shift, and go to state 32
    SIZEOF        shift, and go to state 33
    TYPEOF        shift, and go to state 34
    TILDA         shift, and go to state 36
    DOWNCHUCK     shift, and go to state 37
    SPORK         shift, and go to state 42
    L_HACK        shift, and go to state 43

    array_exp                  go to state 69
    complex_exp                go to state 71
    polar_exp                  go to state 72
    vec_exp                    go to state 73
    multiplicative_expression  go to state 272
    tilda_expression           go to state 85
    cast_expression            go to state 86
    unary_expression           go to state 87
    unary_operator             go to state 88
    dur_expression             go to state 89
    postfix_expression         go to state 90
    primary_expression         go to state 91


state 193

  187 multiplicative_expression: multiplicative_expression TIMES . tilda_expression

    ID            shift, and go to state 109
    STRING_LIT    shift, and go to state 2
    CHAR_LIT      shift, and go to state 3
    INT_VAL       shift, and go to state 4
    FLOAT_VAL     shift, and go to state 5
    LPAREN        shift, and go to state 7
    LBRACK        shift, and go to state 8
    PLUS          shift, and go to state 10
    MINUS         shift, and go to state 11
    TIMES         shift, and go to state 12
    EXCLAMATION   shift, and go to state 23
    PLUSPLUS      shift, and go to state 24
    MINUSMINUS    shift, and go to state 25
    POUNDPAREN    shift, and go to state 26
    PERCENTPAREN  shift, and go to state 27
    ATPAREN       shift, and go to state 28
    NEW           shift, and go to state 32
    SIZEOF        shift, and go to state 33
    TYPEOF        shift, and go to state 34
    TILDA         shift, and go to state 36
    DOWNCHUCK     shift, and go to state 37
    SPORK         shift, and go to state 42
    L_HACK        shift, and go to state 43

    array_exp           go to state 69
    complex_exp         go to state 71
    polar_exp           go to state 72
    vec_exp             go to state 73
    tilda_expression    go to state 273
    cast_expression     go to state 86
    unary_expression    go to state 87
    unary_operator      go to state 88
    dur_expression      go to state 89
    postfix_expression  go to state 90
    primary_expression  go to state 91


state 194

  188 multiplicative_expression: multiplicative_expression DIVIDE . tilda_expression

    ID            shift, and go to state 109
    STRING_LIT    shift, and go to state 2
    CHAR_LIT      shift, and go to state 3
    INT_VAL       shift, and go to state 4
    FLOAT_VAL     shift, and go to state 5
    LPAREN        shift, and go to state 7
    LBRACK        shift, and go to state 8
    PLUS          shift, and go to state 10
    MINUS         shift, and go to state 11
    TIMES         shift, and go to state 12
    EXCLAMATION   shift, and go to state 23
    PLUSPLUS      shift, and go to state 24
    MINUSMINUS    shift, and go to state 25
    POUNDPAREN    shift, and go to state 26
    PERCENTPAREN  shift, and go to state 27
    ATPAREN       shift, and go to state 28
    NEW           shift, and go to state 32
    SIZEOF        shift, and go to state 33
    TYPEOF        shift, and go to state 34
    TILDA         shift, and go to state 36
    DOWNCHUCK     shift, and go to state 37
    SPORK         shift, and go to state 42
    L_HACK        shift, and go to state 43

    array_exp           go to state 69
    complex_exp         go to state 71
    polar_exp           go to state 72
    vec_exp             go to state 73
    tilda_expression    go to state 274
    cast_expression     go to state 86
    unary_expression    go to state 87
    unary_operator      go to state 88
    dur_expression      go to state 89
    postfix_expression  go to state 90
    primary_expression  go to state 91


state 195

  189 multiplicative_expression: multiplicative_expression PERCENT . tilda_expression

    ID            shift, and go to state 109
    STRING_LIT    shift, and go to state 2
    CHAR_LIT      shift, and go to state 3
    INT_VAL       shift, and go to state 4
    FLOAT_VAL     shift, and go to state 5
    LPAREN        shift, and go to state 7
    LBRACK        shift, and go to state 8
    PLUS          shift, and go to state 10
    MINUS         shift, and go to state 11
    TIMES         shift, and go to state 12
    EXCLAMATION   shift, and go to state 23
    PLUSPLUS      shift, and go to state 24
    MINUSMINUS    shift, and go to state 25
    POUNDPAREN    shift, and go to state 26
    PERCENTPAREN  shift, and go to state 27
    ATPAREN       shift, and go to state 28
    NEW           shift, and go to state 32
    SIZEOF        shift, and go to state 33
    TYPEOF        shift, and go to state 34
    TILDA         shift, and go to state 36
    DOWNCHUCK     shift, and go to state 37
    SPORK         shift, and go to state 42
    L_HACK        shift, and go to state 43

    array_exp           go to state 69
    complex_exp         go to state 71
    polar_exp           go to state 72
    vec_exp             go to state 73
    tilda_expression    go to state 275
    cast_expression     go to state 86
    unary_expression    go to state 87
    unary_operator      go to state 88
    dur_expression      go to state 89
    postfix_expression  go to state 90
    primary_expression  go to state 91


state 196

  191 tilda_expression: tilda_expression TILDA . cast_expression

    ID            shift, and go to state 109
    STRING_LIT    shift, and go to state 2
    CHAR_LIT      shift, and go to state 3
    INT_VAL       shift, and go to state 4
    FLOAT_VAL     shift, and go to state 5
    LPAREN        shift, and go to state 7
    LBRACK        shift, and go to state 8
    PLUS          shift, and go to state 10
    MINUS         shift, and go to state 11
    TIMES         shift, and go to state 12
    EXCLAMATION   shift, and go to state 23
    PLUSPLUS      shift, and go to state 24
    MINUSMINUS    shift, and go to state 25
    POUNDPAREN    shift, and go to state 26
    PERCENTPAREN  shift, and go to state 27
    ATPAREN       shift, and go to state 28
    NEW           shift, and go to state 32
    SIZEOF        shift, and go to state 33
    TYPEOF        shift, and go to state 34
    TILDA         shift, and go to state 36
    DOWNCHUCK     shift, and go to state 37
    SPORK         shift, and go to state 42
    L_HACK        shift, and go to state 43

    array_exp           go to state 69
    complex_exp         go to state 71
    polar_exp           go to state 72
    vec_exp             go to state 73
    cast_expression     go to state 276
    unary_expression    go to state 87
    unary_operator      go to state 88
    dur_expression      go to state 89
    postfix_expression  go to state 90
    primary_expression  go to state 91


state 197

  193 cast_expression: cast_expression DOLLAR . type_decl

    ID  shift, and go to state 116
    LT  shift, and go to state 13

    type_decl_a  go to state 53
    type_decl_b  go to state 54
    type_decl    go to state 277


state 198

  197 unary_expression: unary_operator unary_expression .

    $default  reduce using rule 197 (unary_expression)


state 199

  261 dur_expression: dur_expression COLONCOLON . postfix_expression

    ID            shift, and go to state 109
    STRING_LIT    shift, and go to state 2
    CHAR_LIT      shift, and go to state 3
    INT_VAL       shift, and go to state 4
    FLOAT_VAL     shift, and go to state 5
    LPAREN        shift, and go to state 7
    LBRACK        shift, and go to state 8
    POUNDPAREN    shift, and go to state 26
    PERCENTPAREN  shift, and go to state 27
    ATPAREN       shift, and go to state 28
    L_HACK        shift, and go to state 43

    array_exp           go to state 69
    complex_exp         go to state 71
    polar_exp           go to state 72
    vec_exp             go to state 73
    postfix_expression  go to state 278
    primary_expression  go to state 91


state 200

  264 postfix_expression: postfix_expression LPAREN . RPAREN
  265                   | postfix_expression LPAREN . expression RPAREN

    ID            shift, and go to state 1
    STRING_LIT    shift, and go to state 2
    CHAR_LIT      shift, and go to state 3
    INT_VAL       shift, and go to state 4
    FLOAT_VAL     shift, and go to state 5
    LPAREN        shift, and go to state 7
    RPAREN        shift, and go to state 279
    LBRACK        shift, and go to state 8
    PLUS          shift, and go to state 10
    MINUS         shift, and go to state 11
    TIMES         shift, and go to state 12
    LT            shift, and go to state 13
    EXCLAMATION   shift, and go to state 23
    PLUSPLUS      shift, and go to state 24
    MINUSMINUS    shift, and go to state 25
    POUNDPAREN    shift, and go to state 26
    PERCENTPAREN  shift, and go to state 27
    ATPAREN       shift, and go to state 28
    EXTERNAL      shift, and go to state 30
    GLOBAL        shift, and go to state 31
    NEW           shift, and go to state 32
    SIZEOF        shift, and go to state 33
    TYPEOF        shift, and go to state 34
    SAME          shift, and go to state 35
    TILDA         shift, and go to state 36
    DOWNCHUCK     shift, and go to state 37
    STATIC        shift, and go to state 41
    SPORK         shift, and go to state 42
    L_HACK        shift, and go to state 43

    type_decl_a                go to state 53
    type_decl_b                go to state 54
    type_decl                  go to state 55
    expression                 go to state 280
    chuck_expression           go to state 67
    arrow_expression           go to state 68
    array_exp                  go to state 69
    decl_expression            go to state 70
    complex_exp                go to state 71
    polar_exp                  go to state 72
    vec_exp                    go to state 73
    conditional_expression     go to state 74
    logical_or_expression      go to state 75
    logical_and_expression     go to state 76
    inclusive_or_expression    go to state 77
    exclusive_or_expression    go to state 78
    and_expression             go to state 79
    equality_expression        go to state 80
    relational_expression      go to state 81
    shift_expression           go to state 82
    additive_expression        go to state 83
    multiplicative_expression  go to state 84
    tilda_expression           go to state 85
    cast_expression            go to state 86
    unary_expression           go to state 87
    unary_operator             go to state 88
    dur_expression             go to state 89
    postfix_expression         go to state 90
    primary_expression         go to state 91


state 201

  266 postfix_expression: postfix_expression DOT . ID

    ID  shift, and go to state 281


state 202

  267 postfix_expression: postfix_expression PLUSPLUS .

    $default  reduce using rule 267 (postfix_expression)


state 203

  268 postfix_expression: postfix_expression MINUSMINUS .

    $default  reduce using rule 268 (postfix_expression)


state 204

  263 postfix_expression: postfix_expression array_exp .

    $default  reduce using rule 263 (postfix_expression)


state 205

  279 primary_expression: LPAREN expression RPAREN .

    $default  reduce using rule 279 (primary_expression)


state 206

  109 expression: expression COMMA . chuck_expression
  115 array_exp: LBRACK expression COMMA . RBRACK
  117          | LBRACK expression COMMA . RBRACK array_exp

    ID            shift, and go to state 1
    STRING_LIT    shift, and go to state 2
    CHAR_LIT      shift, and go to state 3
    INT_VAL       shift, and go to state 4
    FLOAT_VAL     shift, and go to state 5
    LPAREN        shift, and go to state 7
    LBRACK        shift, and go to state 8
    RBRACK        shift, and go to state 282
    PLUS          shift, and go to state 10
    MINUS         shift, and go to state 11
    TIMES         shift, and go to state 12
    LT            shift, and go to state 13
    EXCLAMATION   shift, and go to state 23
    PLUSPLUS      shift, and go to state 24
    MINUSMINUS    shift, and go to state 25
    POUNDPAREN    shift, and go to state 26
    PERCENTPAREN  shift, and go to state 27
    ATPAREN       shift, and go to state 28
    EXTERNAL      shift, and go to state 30
    GLOBAL        shift, and go to state 31
    NEW           shift, and go to state 32
    SIZEOF        shift, and go to state 33
    TYPEOF        shift, and go to state 34
    SAME          shift, and go to state 35
    TILDA         shift, and go to state 36
    DOWNCHUCK     shift, and go to state 37
    STATIC        shift, and go to state 41
    SPORK         shift, and go to state 42
    L_HACK        shift, and go to state 43

    type_decl_a                go to state 53
    type_decl_b                go to state 54
    type_decl                  go to state 55
    chuck_expression           go to state 254
    arrow_expression           go to state 68
    array_exp                  go to state 69
    decl_expression            go to state 70
    complex_exp                go to state 71
    polar_exp                  go to state 72
    vec_exp                    go to state 73
    conditional_expression     go to state 74
    logical_or_expression      go to state 75
    logical_and_expression     go to state 76
    inclusive_or_expression    go to state 77
    exclusive_or_expression    go to state 78
    and_expression             go to state 79
    equality_expression        go to state 80
    relational_expression      go to state 81
    shift_expression           go to state 82
    additive_expression        go to state 83
    multiplicative_expression  go to state 84
    tilda_expression           go to state 85
    cast_expression            go to state 86
    unary_expression           go to state 87
    unary_operator             go to state 88
    dur_expression             go to state 89
    postfix_expression         go to state 90
    primary_expression         go to state 91


state 207

  114 array_exp: LBRACK expression RBRACK .
  116          | LBRACK expression RBRACK . array_exp

    LBRACK  shift, and go to state 8

    LBRACK    [reduce using rule 114 (array_exp)]
    $default  reduce using rule 114 (array_exp)

    array_exp  go to state 283


state 208

   85 code_segment: LBRACE statement_list RBRACE .

    $default  reduce using rule 85 (code_segment)


state 209

   25 id_dot: ID DOT . id_dot

    ID  shift, and go to state 98

    id_dot  go to state 284


state 210

   52 type_decl_b: LT id_dot GT .
   53            | LT id_dot GT . AT_SYM

    AT_SYM  shift, and go to state 285

    $default  reduce using rule 52 (type_decl_b)


state 211

   74 selection_statement: IF LPAREN expression . RPAREN statement
   75                    | IF LPAREN expression . RPAREN statement ELSE statement
  109 expression: expression . COMMA chuck_expression

    COMMA   shift, and go to state 152
    RPAREN  shift, and go to state 286


state 212

   76 loop_statement: WHILE LPAREN expression . RPAREN statement
  109 expression: expression . COMMA chuck_expression

    COMMA   shift, and go to state 152
    RPAREN  shift, and go to state 287


state 213

   78 loop_statement: FOR LPAREN expression_statement . expression_statement RPAREN statement
   79               | FOR LPAREN expression_statement . expression_statement expression RPAREN statement

    ID            shift, and go to state 1
    STRING_LIT    shift, and go to state 2
    CHAR_LIT      shift, and go to state 3
    INT_VAL       shift, and go to state 4
    FLOAT_VAL     shift, and go to state 5
    SEMICOLON     shift, and go to state 6
    LPAREN        shift, and go to state 7
    LBRACK        shift, and go to state 8
    PLUS          shift, and go to state 10
    MINUS         shift, and go to state 11
    TIMES         shift, and go to state 12
    LT            shift, and go to state 13
    EXCLAMATION   shift, and go to state 23
    PLUSPLUS      shift, and go to state 24
    MINUSMINUS    shift, and go to state 25
    POUNDPAREN    shift, and go to state 26
    PERCENTPAREN  shift, and go to state 27
    ATPAREN       shift, and go to state 28
    EXTERNAL      shift, and go to state 30
    GLOBAL        shift, and go to state 31
    NEW           shift, and go to state 32
    SIZEOF        shift, and go to state 33
    TYPEOF        shift, and go to state 34
    SAME          shift, and go to state 35
    TILDA         shift, and go to state 36
    DOWNCHUCK     shift, and go to state 37
    STATIC        shift, and go to state 41
    SPORK         shift, and go to state 42
    L_HACK        shift, and go to state 43

    type_decl_a                go to state 53
    type_decl_b                go to state 54
    type_decl                  go to state 55
    expression_statement       go to state 288
    expression                 go to state 66
    chuck_expression           go to state 67
    arrow_expression           go to state 68
    array_exp                  go to state 69
    decl_expression            go to state 70
    complex_exp                go to state 71
    polar_exp                  go to state 72
    vec_exp                    go to state 73
    conditional_expression     go to state 74
    logical_or_expression      go to state 75
    logical_and_expression     go to state 76
    inclusive_or_expression    go to state 77
    exclusive_or_expression    go to state 78
    and_expression             go to state 79
    equality_expression        go to state 80
    relational_expression      go to state 81
    shift_expression           go to state 82
    additive_expression        go to state 83
    multiplicative_expression  go to state 84
    tilda_expression           go to state 85
    cast_expression            go to state 86
    unary_expression           go to state 87
    unary_operator             go to state 88
    dur_expression             go to state 89
    postfix_expression         go to state 90
    primary_expression         go to state 91


state 214

   80 loop_statement: FOR LPAREN expression . COLON expression RPAREN statement
  107 expression_statement: expression . SEMICOLON
  109 expression: expression . COMMA chuck_expression

    COMMA      shift, and go to state 152
    COLON      shift, and go to state 289
    SEMICOLON  shift, and go to state 153


state 215

   77 loop_statement: DO statement WHILE . LPAREN expression RPAREN SEMICOLON

    LPAREN  shift, and go to state 290


state 216

   82 loop_statement: DO statement UNTIL . LPAREN expression RPAREN SEMICOLON

    LPAREN  shift, and go to state 291


state 217

   83 loop_statement: LOOP LPAREN expression . RPAREN statement
  109 expression: expression . COMMA chuck_expression

    COMMA   shift, and go to state 152
    RPAREN  shift, and go to state 292


state 218

   71 jump_statement: RETURN expression SEMICOLON .

    $default  reduce using rule 71 (jump_statement)


state 219

  136 complex_exp: POUNDPAREN expression RPAREN .

    $default  reduce using rule 136 (complex_exp)


state 220

  137 polar_exp: PERCENTPAREN expression RPAREN .

    $default  reduce using rule 137 (polar_exp)


state 221

  138 vec_exp: ATPAREN expression RPAREN .

    $default  reduce using rule 138 (vec_exp)


state 222

   81 loop_statement: UNTIL LPAREN expression . RPAREN statement
  109 expression: expression . COMMA chuck_expression

    COMMA   shift, and go to state 152
    RPAREN  shift, and go to state 293


state 223

  122 decl_expression: EXTERNAL type_decl var_decl_list .

    $default  reduce using rule 122 (decl_expression)


state 224

  123 decl_expression: GLOBAL type_decl var_decl_list .

    $default  reduce using rule 123 (decl_expression)


state 225

  202 unary_expression: NEW type_decl LPAREN . RPAREN
  203                 | NEW type_decl LPAREN . expression RPAREN
  204                 | NEW type_decl LPAREN . RPAREN array_exp
  205                 | NEW type_decl LPAREN . expression RPAREN array_exp

    ID            shift, and go to state 1
    STRING_LIT    shift, and go to state 2
    CHAR_LIT      shift, and go to state 3
    INT_VAL       shift, and go to state 4
    FLOAT_VAL     shift, and go to state 5
    LPAREN        shift, and go to state 7
    RPAREN        shift, and go to state 294
    LBRACK        shift, and go to state 8
    PLUS          shift, and go to state 10
    MINUS         shift, and go to state 11
    TIMES         shift, and go to state 12
    LT            shift, and go to state 13
    EXCLAMATION   shift, and go to state 23
    PLUSPLUS      shift, and go to state 24
    MINUSMINUS    shift, and go to state 25
    POUNDPAREN    shift, and go to state 26
    PERCENTPAREN  shift, and go to state 27
    ATPAREN       shift, and go to state 28
    EXTERNAL      shift, and go to state 30
    GLOBAL        shift, and go to state 31
    NEW           shift, and go to state 32
    SIZEOF        shift, and go to state 33
    TYPEOF        shift, and go to state 34
    SAME          shift, and go to state 35
    TILDA         shift, and go to state 36
    DOWNCHUCK     shift, and go to state 37
    STATIC        shift, and go to state 41
    SPORK         shift, and go to state 42
    L_HACK        shift, and go to state 43

    type_decl_a                go to state 53
    type_decl_b                go to state 54
    type_decl                  go to state 55
    expression                 go to state 295
    chuck_expression           go to state 67
    arrow_expression           go to state 68
    array_exp                  go to state 69
    decl_expression            go to state 70
    complex_exp                go to state 71
    polar_exp                  go to state 72
    vec_exp                    go to state 73
    conditional_expression     go to state 74
    logical_or_expression      go to state 75
    logical_and_expression     go to state 76
    inclusive_or_expression    go to state 77
    exclusive_or_expression    go to state 78
    and_expression             go to state 79
    equality_expression        go to state 80
    relational_expression      go to state 81
    shift_expression           go to state 82
    additive_expression        go to state 83
    multiplicative_expression  go to state 84
    tilda_expression           go to state 85
    cast_expression            go to state 86
    unary_expression           go to state 87
    unary_operator             go to state 88
    dur_expression             go to state 89
    postfix_expression         go to state 90
    primary_expression         go to state 91


state 226

  201 unary_expression: NEW type_decl array_exp .

    $default  reduce using rule 201 (unary_expression)


state 227

  132 var_decl: ID LPAREN . RPAREN
  133         | ID LPAREN . expression RPAREN
  134         | ID LPAREN . RPAREN array_exp
  135         | ID LPAREN . expression RPAREN array_exp

    ID            shift, and go to state 1
    STRING_LIT    shift, and go to state 2
    CHAR_LIT      shift, and go to state 3
    INT_VAL       shift, and go to state 4
    FLOAT_VAL     shift, and go to state 5
    LPAREN        shift, and go to state 7
    RPAREN        shift, and go to state 296
    LBRACK        shift, and go to state 8
    PLUS          shift, and go to state 10
    MINUS         shift, and go to state 11
    TIMES         shift, and go to state 12
    LT            shift, and go to state 13
    EXCLAMATION   shift, and go to state 23
    PLUSPLUS      shift, and go to state 24
    MINUSMINUS    shift, and go to state 25
    POUNDPAREN    shift, and go to state 26
    PERCENTPAREN  shift, and go to state 27
    ATPAREN       shift, and go to state 28
    EXTERNAL      shift, and go to state 30
    GLOBAL        shift, and go to state 31
    NEW           shift, and go to state 32
    SIZEOF        shift, and go to state 33
    TYPEOF        shift, and go to state 34
    SAME          shift, and go to state 35
    TILDA         shift, and go to state 36
    DOWNCHUCK     shift, and go to state 37
    STATIC        shift, and go to state 41
    SPORK         shift, and go to state 42
    L_HACK        shift, and go to state 43

    type_decl_a                go to state 53
    type_decl_b                go to state 54
    type_decl                  go to state 55
    expression                 go to state 297
    chuck_expression           go to state 67
    arrow_expression           go to state 68
    array_exp                  go to state 69
    decl_expression            go to state 70
    complex_exp                go to state 71
    polar_exp                  go to state 72
    vec_exp                    go to state 73
    conditional_expression     go to state 74
    logical_or_expression      go to state 75
    logical_and_expression     go to state 76
    inclusive_or_expression    go to state 77
    exclusive_or_expression    go to state 78
    and_expression             go to state 79
    equality_expression        go to state 80
    relational_expression      go to state 81
    shift_expression           go to state 82
    additive_expression        go to state 83
    multiplicative_expression  go to state 84
    tilda_expression           go to state 85
    cast_expression            go to state 86
    unary_expression           go to state 87
    unary_operator             go to state 88
    dur_expression             go to state 89
    postfix_expression         go to state 90
    primary_expression         go to state 91


state 228

  114 array_exp: LBRACK . expression RBRACK
  115          | LBRACK . expression COMMA RBRACK
  116          | LBRACK . expression RBRACK array_exp
  117          | LBRACK . expression COMMA RBRACK array_exp
  118 array_empty: LBRACK . RBRACK

    ID            shift, and go to state 1
    STRING_LIT    shift, and go to state 2
    CHAR_LIT      shift, and go to state 3
    INT_VAL       shift, and go to state 4
    FLOAT_VAL     shift, and go to state 5
    LPAREN        shift, and go to state 7
    LBRACK        shift, and go to state 8
    RBRACK        shift, and go to state 298
    PLUS          shift, and go to state 10
    MINUS         shift, and go to state 11
    TIMES         shift, and go to state 12
    LT            shift, and go to state 13
    EXCLAMATION   shift, and go to state 23
    PLUSPLUS      shift, and go to state 24
    MINUSMINUS    shift, and go to state 25
    POUNDPAREN    shift, and go to state 26
    PERCENTPAREN  shift, and go to state 27
    ATPAREN       shift, and go to state 28
    EXTERNAL      shift, and go to state 30
    GLOBAL        shift, and go to state 31
    NEW           shift, and go to state 32
    SIZEOF        shift, and go to state 33
    TYPEOF        shift, and go to state 34
    SAME          shift, and go to state 35
    TILDA         shift, and go to state 36
    DOWNCHUCK     shift, and go to state 37
    STATIC        shift, and go to state 41
    SPORK         shift, and go to state 42
    L_HACK        shift, and go to state 43

    type_decl_a                go to state 53
    type_decl_b                go to state 54
    type_decl                  go to state 55
    expression                 go to state 95
    chuck_expression           go to state 67
    arrow_expression           go to state 68
    array_exp                  go to state 69
    decl_expression            go to state 70
    complex_exp                go to state 71
    polar_exp                  go to state 72
    vec_exp                    go to state 73
    conditional_expression     go to state 74
    logical_or_expression      go to state 75
    logical_and_expression     go to state 76
    inclusive_or_expression    go to state 77
    exclusive_or_expression    go to state 78
    and_expression             go to state 79
    equality_expression        go to state 80
    relational_expression      go to state 81
    shift_expression           go to state 82
    additive_expression        go to state 83
    multiplicative_expression  go to state 84
    tilda_expression           go to state 85
    cast_expression            go to state 86
    unary_expression           go to state 87
    unary_operator             go to state 88
    dur_expression             go to state 89
    postfix_expression         go to state 90
    primary_expression         go to state 91


state 229

  130 var_decl: ID array_exp .

    $default  reduce using rule 130 (var_decl)


state 230

  119 array_empty: array_empty . LBRACK RBRACK
  131 var_decl: ID array_empty .

    LBRACK  shift, and go to state 299

    $default  reduce using rule 131 (var_decl)


state 231

  128 var_decl_list: var_decl COMMA . var_decl_list

    ID  shift, and go to state 122

    var_decl_list  go to state 300
    var_decl       go to state 124


state 232

  126 decl_expression: STATIC SAME var_decl_list .

    $default  reduce using rule 126 (decl_expression)


state 233

  124 decl_expression: STATIC type_decl var_decl_list .

    $default  reduce using rule 124 (decl_expression)


state 234

  278 primary_expression: L_HACK expression R_HACK .

    $default  reduce using rule 278 (primary_expression)


state 235

   87 import_statement: AT_IMPORT LBRACK RBRACK .

    $default  reduce using rule 87 (import_statement)


state 236

   89 import_statement: AT_IMPORT LBRACK import_list . LBRACK

    LBRACK  shift, and go to state 301


state 237

   91 import_list: import_target .
   92            | import_target . COMMA import_list

    COMMA  shift, and go to state 302

    $default  reduce using rule 91 (import_list)


state 238

   88 import_statement: AT_IMPORT LBRACE RBRACE .

    $default  reduce using rule 88 (import_statement)


state 239

   90 import_statement: AT_IMPORT LBRACE import_list . RBRACE

    RBRACE  shift, and go to state 303


state 240

   95 doc_statement: AT_DOC LBRACK doc_list . RBRACK

    RBRACK  shift, and go to state 304


state 241

   97 doc_list: doc_target .
   98         | doc_target . COMMA doc_list

    COMMA  shift, and go to state 305

    $default  reduce using rule 97 (doc_list)


state 242

   96 doc_statement: AT_DOC LBRACE doc_list . RBRACE

    RBRACE  shift, and go to state 306


state 243

  101 example_statement: AT_EXAMPLE LBRACK example_list . RBRACK

    RBRACK  shift, and go to state 307


state 244

  103 example_list: example_target .
  104             | example_target . COMMA example_list

    COMMA  shift, and go to state 308

    $default  reduce using rule 103 (example_list)


state 245

  102 example_statement: AT_EXAMPLE LBRACE example_list . RBRACE

    RBRACE  shift, and go to state 309


state 246

   22 id_list: ID .
   23        | ID . COMMA id_list

    COMMA  shift, and go to state 310

    $default  reduce using rule 22 (id_list)


state 247

    6 class_definition: class_decl CLASS id_list . LBRACE class_body RBRACE
    7                 | class_decl CLASS id_list . class_ext LBRACE class_body RBRACE

    LBRACE      shift, and go to state 311
    EXTENDS     shift, and go to state 312
    IMPLEMENTS  shift, and go to state 313

    class_ext  go to state 314


state 248

    8 class_definition: class_decl INTERFACE id_list . LBRACE class_body RBRACE
    9                 | class_decl INTERFACE id_list . iface_ext LBRACE class_body RBRACE

    LBRACE   shift, and go to state 315
    EXTENDS  shift, and go to state 316

    iface_ext  go to state 317


state 249

   30 function_definition: function_decl AT_CTOR LPAREN . arg_list RPAREN code_segment
   31                    | function_decl AT_CTOR LPAREN . RPAREN code_segment

    ID      shift, and go to state 116
    RPAREN  shift, and go to state 318
    LT      shift, and go to state 13

    type_decl_a  go to state 53
    type_decl_b  go to state 54
    type_decl    go to state 319
    arg_list     go to state 320


state 250

   32 function_definition: function_decl AT_DTOR LPAREN . RPAREN code_segment
   33                    | function_decl AT_DTOR LPAREN . arg_list RPAREN code_segment

    ID      shift, and go to state 116
    RPAREN  shift, and go to state 321
    LT      shift, and go to state 13

    type_decl_a  go to state 53
    type_decl_b  go to state 54
    type_decl    go to state 319
    arg_list     go to state 322


state 251

   28 function_definition: function_decl static_decl ID . LPAREN arg_list RPAREN code_segment
   29                    | function_decl static_decl ID . LPAREN RPAREN code_segment
   50 type_decl_a: ID .
   51            | ID . AT_SYM

    LPAREN  shift, and go to state 323
    AT_SYM  shift, and go to state 92

    $default  reduce using rule 50 (type_decl_a)


state 252

   56 type_decl2: type_decl .
   57           | type_decl . array_empty

    LBRACK  shift, and go to state 324

    $default  reduce using rule 56 (type_decl2)

    array_empty  go to state 325


state 253

   26 function_definition: function_decl static_decl type_decl2 . ID LPAREN arg_list RPAREN code_segment
   27                    | function_decl static_decl type_decl2 . ID LPAREN RPAREN code_segment
   34                    | function_decl static_decl type_decl2 . ID LPAREN arg_list RPAREN SEMICOLON
   35                    | function_decl static_decl type_decl2 . ID LPAREN RPAREN SEMICOLON
   36                    | function_decl static_decl type_decl2 . AT_OP overloadable_operator LPAREN arg_list RPAREN code_segment
   37                    | function_decl static_decl type_decl2 . AT_OP LPAREN arg_list RPAREN overloadable_operator code_segment
   38                    | function_decl static_decl type_decl2 . AT_OP LPAREN overloadable_operator RPAREN LPAREN arg_list RPAREN code_segment
   39                    | function_decl static_decl type_decl2 . AT_OP LPAREN arg_list RPAREN LPAREN overloadable_operator RPAREN code_segment

    ID     shift, and go to state 326
    AT_OP  shift, and go to state 327


state 254

  109 expression: expression COMMA chuck_expression .
  111 chuck_expression: chuck_expression . chuck_operator arrow_expression

    PLUS_CHUCK         shift, and go to state 154
    MINUS_CHUCK        shift, and go to state 155
    TIMES_CHUCK        shift, and go to state 156
    DIVIDE_CHUCK       shift, and go to state 157
    S_AND_CHUCK        shift, and go to state 158
    S_OR_CHUCK         shift, and go to state 159
    S_XOR_CHUCK        shift, and go to state 160
    SHIFT_RIGHT_CHUCK  shift, and go to state 161
    SHIFT_LEFT_CHUCK   shift, and go to state 162
    PERCENT_CHUCK      shift, and go to state 163
    CHUCK              shift, and go to state 164
    AT_CHUCK           shift, and go to state 165
    UNCHUCK            shift, and go to state 166
    UPCHUCK            shift, and go to state 167
    DOWNCHUCK          shift, and go to state 168

    $default  reduce using rule 109 (expression)

    chuck_operator  go to state 169


state 255

  111 chuck_expression: chuck_expression chuck_operator arrow_expression .
  113 arrow_expression: arrow_expression . arrow_operator decl_expression

    ARROW_RIGHT    shift, and go to state 170
    ARROW_LEFT     shift, and go to state 171
    GRUCK_RIGHT    shift, and go to state 172
    GRUCK_LEFT     shift, and go to state 173
    UNGRUCK_RIGHT  shift, and go to state 174
    UNGRUCK_LEFT   shift, and go to state 175

    $default  reduce using rule 111 (chuck_expression)

    arrow_operator  go to state 176


state 256

  113 arrow_expression: arrow_expression arrow_operator decl_expression .

    $default  reduce using rule 113 (arrow_expression)


state 257

  163 logical_or_expression: logical_or_expression OR logical_and_expression .
  165 logical_and_expression: logical_and_expression . AND inclusive_or_expression

    AND  shift, and go to state 179

    $default  reduce using rule 163 (logical_or_expression)


state 258

  109 expression: expression . COMMA chuck_expression
  161 conditional_expression: logical_or_expression QUESTION expression . COLON conditional_expression

    COMMA  shift, and go to state 152
    COLON  shift, and go to state 328


state 259

  165 logical_and_expression: logical_and_expression AND inclusive_or_expression .
  167 inclusive_or_expression: inclusive_or_expression . S_OR exclusive_or_expression

    S_OR  shift, and go to state 180

    $default  reduce using rule 165 (logical_and_expression)


state 260

  167 inclusive_or_expression: inclusive_or_expression S_OR exclusive_or_expression .
  169 exclusive_or_expression: exclusive_or_expression . S_XOR and_expression

    S_XOR  shift, and go to state 181

    $default  reduce using rule 167 (inclusive_or_expression)


state 261

  169 exclusive_or_expression: exclusive_or_expression S_XOR and_expression .
  171 and_expression: and_expression . S_AND equality_expression

    S_AND  shift, and go to state 182

    $default  reduce using rule 169 (exclusive_or_expression)


state 262

  171 and_expression: and_expression S_AND equality_expression .
  173 equality_expression: equality_expression . EQ relational_expression
  174                    | equality_expression . NEQ relational_expression

    EQ   shift, and go to state 183
    NEQ  shift, and go to state 184

    $default  reduce using rule 171 (and_expression)


state 263

  173 equality_expression: equality_expression EQ relational_expression .
  176 relational_expression: relational_expression . LT shift_expression
  177                      | relational_expression . GT shift_expression
  178                      | relational_expression . LE shift_expression
  179                      | relational_expression . GE shift_expression

    LT  shift, and go to state 185
    LE  shift, and go to state 186
    GT  shift, and go to state 187
    GE  shift, and go to state 188

    $default  reduce using rule 173 (equality_expression)


state 264

  174 equality_expression: equality_expression NEQ relational_expression .
  176 relational_expression: relational_expression . LT shift_expression
  177                      | relational_expression . GT shift_expression
  178                      | relational_expression . LE shift_expression
  179                      | relational_expression . GE shift_expression

    LT  shift, and go to state 185
    LE  shift, and go to state 186
    GT  shift, and go to state 187
    GE  shift, and go to state 188

    $default  reduce using rule 174 (equality_expression)


state 265

  176 relational_expression: relational_expression LT shift_expression .
  181 shift_expression: shift_expression . SHIFT_LEFT additive_expression
  182                 | shift_expression . SHIFT_RIGHT additive_expression

    SHIFT_RIGHT  shift, and go to state 189
    SHIFT_LEFT   shift, and go to state 190

    $default  reduce using rule 176 (relational_expression)


state 266

  178 relational_expression: relational_expression LE shift_expression .
  181 shift_expression: shift_expression . SHIFT_LEFT additive_expression
  182                 | shift_expression . SHIFT_RIGHT additive_expression

    SHIFT_RIGHT  shift, and go to state 189
    SHIFT_LEFT   shift, and go to state 190

    $default  reduce using rule 178 (relational_expression)


state 267

  177 relational_expression: relational_expression GT shift_expression .
  181 shift_expression: shift_expression . SHIFT_LEFT additive_expression
  182                 | shift_expression . SHIFT_RIGHT additive_expression

    SHIFT_RIGHT  shift, and go to state 189
    SHIFT_LEFT   shift, and go to state 190

    $default  reduce using rule 177 (relational_expression)


state 268

  179 relational_expression: relational_expression GE shift_expression .
  181 shift_expression: shift_expression . SHIFT_LEFT additive_expression
  182                 | shift_expression . SHIFT_RIGHT additive_expression

    SHIFT_RIGHT  shift, and go to state 189
    SHIFT_LEFT   shift, and go to state 190

    $default  reduce using rule 179 (relational_expression)


state 269

  182 shift_expression: shift_expression SHIFT_RIGHT additive_expression .
  184 additive_expression: additive_expression . PLUS multiplicative_expression
  185                    | additive_expression . MINUS multiplicative_expression

    PLUS   shift, and go to state 191
    MINUS  shift, and go to state 192

    $default  reduce using rule 182 (shift_expression)


state 270

  181 shift_expression: shift_expression SHIFT_LEFT additive_expression .
  184 additive_expression: additive_expression . PLUS multiplicative_expression
  185                    | additive_expression . MINUS multiplicative_expression

    PLUS   shift, and go to state 191
    MINUS  shift, and go to state 192

    $default  reduce using rule 181 (shift_expression)


state 271

  184 additive_expression: additive_expression PLUS multiplicative_expression .
  187 multiplicative_expression: multiplicative_expression . TIMES tilda_expression
  188                          | multiplicative_expression . DIVIDE tilda_expression
  189                          | multiplicative_expression . PERCENT tilda_expression

    TIMES    shift, and go to state 193
    DIVIDE   shift, and go to state 194
    PERCENT  shift, and go to state 195

    $default  reduce using rule 184 (additive_expression)


state 272

  185 additive_expression: additive_expression MINUS multiplicative_expression .
  187 multiplicative_expression: multiplicative_expression . TIMES tilda_expression
  188                          | multiplicative_expression . DIVIDE tilda_expression
  189                          | multiplicative_expression . PERCENT tilda_expression

    TIMES    shift, and go to state 193
    DIVIDE   shift, and go to state 194
    PERCENT  shift, and go to state 195

    $default  reduce using rule 185 (additive_expression)


state 273

  187 multiplicative_expression: multiplicative_expression TIMES tilda_expression .
  191 tilda_expression: tilda_expression . TILDA cast_expression

    TILDA  shift, and go to state 196

    $default  reduce using rule 187 (multiplicative_expression)


state 274

  188 multiplicative_expression: multiplicative_expression DIVIDE tilda_expression .
  191 tilda_expression: tilda_expression . TILDA cast_expression

    TILDA  shift, and go to state 196

    $default  reduce using rule 188 (multiplicative_expression)


state 275

  189 multiplicative_expression: multiplicative_expression PERCENT tilda_expression .
  191 tilda_expression: tilda_expression . TILDA cast_expression

    TILDA  shift, and go to state 196

    $default  reduce using rule 189 (multiplicative_expression)


state 276

  191 tilda_expression: tilda_expression TILDA cast_expression .
  193 cast_expression: cast_expression . DOLLAR type_decl

    DOLLAR  shift, and go to state 197

    $default  reduce using rule 191 (tilda_expression)


state 277

  193 cast_expression: cast_expression DOLLAR type_decl .

    $default  reduce using rule 193 (cast_expression)


state 278

  261 dur_expression: dur_expression COLONCOLON postfix_expression .
  263 postfix_expression: postfix_expression . array_exp
  264                   | postfix_expression . LPAREN RPAREN
  265                   | postfix_expression . LPAREN expression RPAREN
  266                   | postfix_expression . DOT ID
  267                   | postfix_expression . PLUSPLUS
  268                   | postfix_expression . MINUSMINUS

    LPAREN      shift, and go to state 200
    LBRACK      shift, and go to state 8
    DOT         shift, and go to state 201
    PLUSPLUS    shift, and go to state 202
    MINUSMINUS  shift, and go to state 203

    $default  reduce using rule 261 (dur_expression)

    array_exp  go to state 204


state 279

  264 postfix_expression: postfix_expression LPAREN RPAREN .

    $default  reduce using rule 264 (postfix_expression)


state 280

  109 expression: expression . COMMA chuck_expression
  265 postfix_expression: postfix_expression LPAREN expression . RPAREN

    COMMA   shift, and go to state 152
    RPAREN  shift, and go to state 329


state 281

  266 postfix_expression: postfix_expression DOT ID .

    $default  reduce using rule 266 (postfix_expression)


state 282

  115 array_exp: LBRACK expression COMMA RBRACK .
  117          | LBRACK expression COMMA RBRACK . array_exp

    LBRACK  shift, and go to state 8

    LBRACK    [reduce using rule 115 (array_exp)]
    $default  reduce using rule 115 (array_exp)

    array_exp  go to state 330


state 283

  116 array_exp: LBRACK expression RBRACK array_exp .

    $default  reduce using rule 116 (array_exp)


state 284

   25 id_dot: ID DOT id_dot .

    $default  reduce using rule 25 (id_dot)


state 285

   53 type_decl_b: LT id_dot GT AT_SYM .

    $default  reduce using rule 53 (type_decl_b)


state 286

   74 selection_statement: IF LPAREN expression RPAREN . statement
   75                    | IF LPAREN expression RPAREN . statement ELSE statement

    ID            shift, and go to state 1
    STRING_LIT    shift, and go to state 2
    CHAR_LIT      shift, and go to state 3
    INT_VAL       shift, and go to state 4
    FLOAT_VAL     shift, and go to state 5
    SEMICOLON     shift, and go to state 6
    LPAREN        shift, and go to state 7
    LBRACK        shift, and go to state 8
    LBRACE        shift, and go to state 9
    PLUS          shift, and go to state 10
    MINUS         shift, and go to state 11
    TIMES         shift, and go to state 12
    LT            shift, and go to state 13
    IF            shift, and go to state 14
    WHILE         shift, and go to state 15
    FOR           shift, and go to state 16
    DO            shift, and go to state 17
    LOOP          shift, and go to state 18
    BREAK         shift, and go to state 19
    CONTINUE      shift, and go to state 20
    RETURN        shift, and go to state 22
    EXCLAMATION   shift, and go to state 23
    PLUSPLUS      shift, and go to state 24
    MINUSMINUS    shift, and go to state 25
    POUNDPAREN    shift, and go to state 26
    PERCENTPAREN  shift, and go to state 27
    ATPAREN       shift, and go to state 28
    UNTIL         shift, and go to state 29
    EXTERNAL      shift, and go to state 30
    GLOBAL        shift, and go to state 31
    NEW           shift, and go to state 32
    SIZEOF        shift, and go to state 33
    TYPEOF        shift, and go to state 34
    SAME          shift, and go to state 35
    TILDA         shift, and go to state 36
    DOWNCHUCK     shift, and go to state 37
    STATIC        shift, and go to state 41
    SPORK         shift, and go to state 42
    L_HACK        shift, and go to state 43
    AT_IMPORT     shift, and go to state 44
    AT_DOC        shift, and go to state 45
    AT_EXAMPLE    shift, and go to state 46

    type_decl_a                go to state 53
    type_decl_b                go to state 54
    type_decl                  go to state 55
    statement                  go to state 331
    jump_statement             go to state 58
    selection_statement        go to state 59
    loop_statement             go to state 60
    code_segment               go to state 61
    import_statement           go to state 62
    doc_statement              go to state 63
    example_statement          go to state 64
    expression_statement       go to state 65
    expression                 go to state 66
    chuck_expression           go to state 67
    arrow_expression           go to state 68
    array_exp                  go to state 69
    decl_expression            go to state 70
    complex_exp                go to state 71
    polar_exp                  go to state 72
    vec_exp                    go to state 73
    conditional_expression     go to state 74
    logical_or_expression      go to state 75
    logical_and_expression     go to state 76
    inclusive_or_expression    go to state 77
    exclusive_or_expression    go to state 78
    and_expression             go to state 79
    equality_expression        go to state 80
    relational_expression      go to state 81
    shift_expression           go to state 82
    additive_expression        go to state 83
    multiplicative_expression  go to state 84
    tilda_expression           go to state 85
    cast_expression            go to state 86
    unary_expression           go to state 87
    unary_operator             go to state 88
    dur_expression             go to state 89
    postfix_expression         go to state 90
    primary_expression         go to state 91


state 287

   76 loop_statement: WHILE LPAREN expression RPAREN . statement

    ID            shift, and go to state 1
    STRING_LIT    shift, and go to state 2
    CHAR_LIT      shift, and go to state 3
    INT_VAL       shift, and go to state 4
    FLOAT_VAL     shift, and go to state 5
    SEMICOLON     shift, and go to state 6
    LPAREN        shift, and go to state 7
    LBRACK        shift, and go to state 8
    LBRACE        shift, and go to state 9
    PLUS          shift, and go to state 10
    MINUS         shift, and go to state 11
    TIMES         shift, and go to state 12
    LT            shift, and go to state 13
    IF            shift, and go to state 14
    WHILE         shift, and go to state 15
    FOR           shift, and go to state 16
    DO            shift, and go to state 17
    LOOP          shift, and go to state 18
    BREAK         shift, and go to state 19
    CONTINUE      shift, and go to state 20
    RETURN        shift, and go to state 22
    EXCLAMATION   shift, and go to state 23
    PLUSPLUS      shift, and go to state 24
    MINUSMINUS    shift, and go to state 25
    POUNDPAREN    shift, and go to state 26
    PERCENTPAREN  shift, and go to state 27
    ATPAREN       shift, and go to state 28
    UNTIL         shift, and go to state 29
    EXTERNAL      shift, and go to state 30
    GLOBAL        shift, and go to state 31
    NEW           shift, and go to state 32
    SIZEOF        shift, and go to state 33
    TYPEOF        shift, and go to state 34
    SAME          shift, and go to state 35
    TILDA         shift, and go to state 36
    DOWNCHUCK     shift, and go to state 37
    STATIC        shift, and go to state 41
    SPORK         shift, and go to state 42
    L_HACK        shift, and go to state 43
    AT_IMPORT     shift, and go to state 44
    AT_DOC        shift, and go to state 45
    AT_EXAMPLE    shift, and go to state 46

    type_decl_a                go to state 53
    type_decl_b                go to state 54
    type_decl                  go to state 55
    statement                  go to state 332
    jump_statement             go to state 58
    selection_statement        go to state 59
    loop_statement             go to state 60
    code_segment               go to state 61
    import_statement           go to state 62
    doc_statement              go to state 63
    example_statement          go to state 64
    expression_statement       go to state 65
    expression                 go to state 66
    chuck_expression           go to state 67
    arrow_expression           go to state 68
    array_exp                  go to state 69
    decl_expression            go to state 70
    complex_exp                go to state 71
    polar_exp                  go to state 72
    vec_exp                    go to state 73
    conditional_expression     go to state 74
    logical_or_expression      go to state 75
    logical_and_expression     go to state 76
    inclusive_or_expression    go to state 77
    exclusive_or_expression    go to state 78
    and_expression             go to state 79
    equality_expression        go to state 80
    relational_expression      go to state 81
    shift_expression           go to state 82
    additive_expression        go to state 83
    multiplicative_expression  go to state 84
    tilda_expression           go to state 85
    cast_expression            go to state 86
    unary_expression           go to state 87
    unary_operator             go to state 88
    dur_expression             go to state 89
    postfix_expression         go to state 90
    primary_expression         go to state 91


state 288

   78 loop_statement: FOR LPAREN expression_statement expression_statement . RPAREN statement
   79               | FOR LPAREN expression_statement expression_statement . expression RPAREN statement

    ID            shift, and go to state 1
    STRING_LIT    shift, and go to state 2
    CHAR_LIT      shift, and go to state 3
    INT_VAL       shift, and go to state 4
    FLOAT_VAL     shift, and go to state 5
    LPAREN        shift, and go to state 7
    RPAREN        shift, and go to state 333
    LBRACK        shift, and go to state 8
    PLUS          shift, and go to state 10
    MINUS         shift, and go to state 11
    TIMES         shift, and go to state 12
    LT            shift, and go to state 13
    EXCLAMATION   shift, and go to state 23
    PLUSPLUS      shift, and go to state 24
    MINUSMINUS    shift, and go to state 25
    POUNDPAREN    shift, and go to state 26
    PERCENTPAREN  shift, and go to state 27
    ATPAREN       shift, and go to state 28
    EXTERNAL      shift, and go to state 30
    GLOBAL        shift, and go to state 31
    NEW           shift, and go to state 32
    SIZEOF        shift, and go to state 33
    TYPEOF        shift, and go to state 34
    SAME          shift, and go to state 35
    TILDA         shift, and go to state 36
    DOWNCHUCK     shift, and go to state 37
    STATIC        shift, and go to state 41
    SPORK         shift, and go to state 42
    L_HACK        shift, and go to state 43

    type_decl_a                go to state 53
    type_decl_b                go to state 54
    type_decl                  go to state 55
    expression                 go to state 334
    chuck_expression           go to state 67
    arrow_expression           go to state 68
    array_exp                  go to state 69
    decl_expression            go to state 70
    complex_exp                go to state 71
    polar_exp                  go to state 72
    vec_exp                    go to state 73
    conditional_expression     go to state 74
    logical_or_expression      go to state 75
    logical_and_expression     go to state 76
    inclusive_or_expression    go to state 77
    exclusive_or_expression    go to state 78
    and_expression             go to state 79
    equality_expression        go to state 80
    relational_expression      go to state 81
    shift_expression           go to state 82
    additive_expression        go to state 83
    multiplicative_expression  go to state 84
    tilda_expression           go to state 85
    cast_expression            go to state 86
    unary_expression           go to state 87
    unary_operator             go to state 88
    dur_expression             go to state 89
    postfix_expression         go to state 90
    primary_expression         go to state 91


state 289

   80 loop_statement: FOR LPAREN expression COLON . expression RPAREN statement

    ID            shift, and go to state 1
    STRING_LIT    shift, and go to state 2
    CHAR_LIT      shift, and go to state 3
    INT_VAL       shift, and go to state 4
    FLOAT_VAL     shift, and go to state 5
    LPAREN        shift, and go to state 7
    LBRACK        shift, and go to state 8
    PLUS          shift, and go to state 10
    MINUS         shift, and go to state 11
    TIMES         shift, and go to state 12
    LT            shift, and go to state 13
    EXCLAMATION   shift, and go to state 23
    PLUSPLUS      shift, and go to state 24
    MINUSMINUS    shift, and go to state 25
    POUNDPAREN    shift, and go to state 26
    PERCENTPAREN  shift, and go to state 27
    ATPAREN       shift, and go to state 28
    EXTERNAL      shift, and go to state 30
    GLOBAL        shift, and go to state 31
    NEW           shift, and go to state 32
    SIZEOF        shift, and go to state 33
    TYPEOF        shift, and go to state 34
    SAME          shift, and go to state 35
    TILDA         shift, and go to state 36
    DOWNCHUCK     shift, and go to state 37
    STATIC        shift, and go to state 41
    SPORK         shift, and go to state 42
    L_HACK        shift, and go to state 43

    type_decl_a                go to state 53
    type_decl_b                go to state 54
    type_decl                  go to state 55
    expression                 go to state 335
    chuck_expression           go to state 67
    arrow_expression           go to state 68
    array_exp                  go to state 69
    decl_expression            go to state 70
    complex_exp                go to state 71
    polar_exp                  go to state 72
    vec_exp                    go to state 73
    conditional_expression     go to state 74
    logical_or_expression      go to state 75
    logical_and_expression     go to state 76
    inclusive_or_expression    go to state 77
    exclusive_or_expression    go to state 78
    and_expression             go to state 79
    equality_expression        go to state 80
    relational_expression      go to state 81
    shift_expression           go to state 82
    additive_expression        go to state 83
    multiplicative_expression  go to state 84
    tilda_expression           go to state 85
    cast_expression            go to state 86
    unary_expression           go to state 87
    unary_operator             go to state 88
    dur_expression             go to state 89
    postfix_expression         go to state 90
    primary_expression         go to state 91


state 290

   77 loop_statement: DO statement WHILE LPAREN . expression RPAREN SEMICOLON

    ID            shift, and go to state 1
    STRING_LIT    shift, and go to state 2
    CHAR_LIT      shift, and go to state 3
    INT_VAL       shift, and go to state 4
    FLOAT_VAL     shift, and go to state 5
    LPAREN        shift, and go to state 7
    LBRACK        shift, and go to state 8
    PLUS          shift, and go to state 10
    MINUS         shift, and go to state 11
    TIMES         shift, and go to state 12
    LT            shift, and go to state 13
    EXCLAMATION   shift, and go to state 23
    PLUSPLUS      shift, and go to state 24
    MINUSMINUS    shift, and go to state 25
    POUNDPAREN    shift, and go to state 26
    PERCENTPAREN  shift, and go to state 27
    ATPAREN       shift, and go to state 28
    EXTERNAL      shift, and go to state 30
    GLOBAL        shift, and go to state 31
    NEW           shift, and go to state 32
    SIZEOF        shift, and go to state 33
    TYPEOF        shift, and go to state 34
    SAME          shift, and go to state 35
    TILDA         shift, and go to state 36
    DOWNCHUCK     shift, and go to state 37
    STATIC        shift, and go to state 41
    SPORK         shift, and go to state 42
    L_HACK        shift, and go to state 43

    type_decl_a                go to state 53
    type_decl_b                go to state 54
    type_decl                  go to state 55
    expression                 go to state 336
    chuck_expression           go to state 67
    arrow_expression           go to state 68
    array_exp                  go to state 69
    decl_expression            go to state 70
    complex_exp                go to state 71
    polar_exp                  go to state 72
    vec_exp                    go to state 73
    conditional_expression     go to state 74
    logical_or_expression      go to state 75
    logical_and_expression     go to state 76
    inclusive_or_expression    go to state 77
    exclusive_or_expression    go to state 78
    and_expression             go to state 79
    equality_expression        go to state 80
    relational_expression      go to state 81
    shift_expression           go to state 82
    additive_expression        go to state 83
    multiplicative_expression  go to state 84
    tilda_expression           go to state 85
    cast_expression            go to state 86
    unary_expression           go to state 87
    unary_operator             go to state 88
    dur_expression             go to state 89
    postfix_expression         go to state 90
    primary_expression         go to state 91


state 291

   82 loop_statement: DO statement UNTIL LPAREN . expression RPAREN SEMICOLON

    ID            shift, and go to state 1
    STRING_LIT    shift, and go to state 2
    CHAR_LIT      shift, and go to state 3
    INT_VAL       shift, and go to state 4
    FLOAT_VAL     shift, and go to state 5
    LPAREN        shift, and go to state 7
    LBRACK        shift, and go to state 8
    PLUS          shift, and go to state 10
    MINUS         shift, and go to state 11
    TIMES         shift, and go to state 12
    LT            shift, and go to state 13
    EXCLAMATION   shift, and go to state 23
    PLUSPLUS      shift, and go to state 24
    MINUSMINUS    shift, and go to state 25
    POUNDPAREN    shift, and go to state 26
    PERCENTPAREN  shift, and go to state 27
    ATPAREN       shift, and go to state 28
    EXTERNAL      shift, and go to state 30
    GLOBAL        shift, and go to state 31
    NEW           shift, and go to state 32
    SIZEOF        shift, and go to state 33
    TYPEOF        shift, and go to state 34
    SAME          shift, and go to state 35
    TILDA         shift, and go to state 36
    DOWNCHUCK     shift, and go to state 37
    STATIC        shift, and go to state 41
    SPORK         shift, and go to state 42
    L_HACK        shift, and go to state 43

    type_decl_a                go to state 53
    type_decl_b                go to state 54
    type_decl                  go to state 55
    expression                 go to state 337
    chuck_expression           go to state 67
    arrow_expression           go to state 68
    array_exp                  go to state 69
    decl_expression            go to state 70
    complex_exp                go to state 71
    polar_exp                  go to state 72
    vec_exp                    go to state 73
    conditional_expression     go to state 74
    logical_or_expression      go to state 75
    logical_and_expression     go to state 76
    inclusive_or_expression    go to state 77
    exclusive_or_expression    go to state 78
    and_expression             go to state 79
    equality_expression        go to state 80
    relational_expression      go to state 81
    shift_expression           go to state 82
    additive_expression        go to state 83
    multiplicative_expression  go to state 84
    tilda_expression           go to state 85
    cast_expression            go to state 86
    unary_expression           go to state 87
    unary_operator             go to state 88
    dur_expression             go to state 89
    postfix_expression         go to state 90
    primary_expression         go to state 91


state 292

   83 loop_statement: LOOP LPAREN expression RPAREN . statement

    ID            shift, and go to state 1
    STRING_LIT    shift, and go to state 2
    CHAR_LIT      shift, and go to state 3
    INT_VAL       shift, and go to state 4
    FLOAT_VAL     shift, and go to state 5
    SEMICOLON     shift, and go to state 6
    LPAREN        shift, and go to state 7
    LBRACK        shift, and go to state 8
    LBRACE        shift, and go to state 9
    PLUS          shift, and go to state 10
    MINUS         shift, and go to state 11
    TIMES         shift, and go to state 12
    LT            shift, and go to state 13
    IF            shift, and go to state 14
    WHILE         shift, and go to state 15
    FOR           shift, and go to state 16
    DO            shift, and go to state 17
    LOOP          shift, and go to state 18
    BREAK         shift, and go to state 19
    CONTINUE      shift, and go to state 20
    RETURN        shift, and go to state 22
    EXCLAMATION   shift, and go to state 23
    PLUSPLUS      shift, and go to state 24
    MINUSMINUS    shift, and go to state 25
    POUNDPAREN    shift, and go to state 26
    PERCENTPAREN  shift, and go to state 27
    ATPAREN       shift, and go to state 28
    UNTIL         shift, and go to state 29
    EXTERNAL      shift, and go to state 30
    GLOBAL        shift, and go to state 31
    NEW           shift, and go to state 32
    SIZEOF        shift, and go to state 33
    TYPEOF        shift, and go to state 34
    SAME          shift, and go to state 35
    TILDA         shift, and go to state 36
    DOWNCHUCK     shift, and go to state 37
    STATIC        shift, and go to state 41
    SPORK         shift, and go to state 42
    L_HACK        shift, and go to state 43
    AT_IMPORT     shift, and go to state 44
    AT_DOC        shift, and go to state 45
    AT_EXAMPLE    shift, and go to state 46

    type_decl_a                go to state 53
    type_decl_b                go to state 54
    type_decl                  go to state 55
    statement                  go to state 338
    jump_statement             go to state 58
    selection_statement        go to state 59
    loop_statement             go to state 60
    code_segment               go to state 61
    import_statement           go to state 62
    doc_statement              go to state 63
    example_statement          go to state 64
    expression_statement       go to state 65
    expression                 go to state 66
    chuck_expression           go to state 67
    arrow_expression           go to state 68
    array_exp                  go to state 69
    decl_expression            go to state 70
    complex_exp                go to state 71
    polar_exp                  go to state 72
    vec_exp                    go to state 73
    conditional_expression     go to state 74
    logical_or_expression      go to state 75
    logical_and_expression     go to state 76
    inclusive_or_expression    go to state 77
    exclusive_or_expression    go to state 78
    and_expression             go to state 79
    equality_expression        go to state 80
    relational_expression      go to state 81
    shift_expression           go to state 82
    additive_expression        go to state 83
    multiplicative_expression  go to state 84
    tilda_expression           go to state 85
    cast_expression            go to state 86
    unary_expression           go to state 87
    unary_operator             go to state 88
    dur_expression             go to state 89
    postfix_expression         go to state 90
    primary_expression         go to state 91


state 293

   81 loop_statement: UNTIL LPAREN expression RPAREN . statement

    ID            shift, and go to state 1
    STRING_LIT    shift, and go to state 2
    CHAR_LIT      shift, and go to state 3
    INT_VAL       shift, and go to state 4
    FLOAT_VAL     shift, and go to state 5
    SEMICOLON     shift, and go to state 6
    LPAREN        shift, and go to state 7
    LBRACK        shift, and go to state 8
    LBRACE        shift, and go to state 9
    PLUS          shift, and go to state 10
    MINUS         shift, and go to state 11
    TIMES         shift, and go to state 12
    LT            shift, and go to state 13
    IF            shift, and go to state 14
    WHILE         shift, and go to state 15
    FOR           shift, and go to state 16
    DO            shift, and go to state 17
    LOOP          shift, and go to state 18
    BREAK         shift, and go to state 19
    CONTINUE      shift, and go to state 20
    RETURN        shift, and go to state 22
    EXCLAMATION   shift, and go to state 23
    PLUSPLUS      shift, and go to state 24
    MINUSMINUS    shift, and go to state 25
    POUNDPAREN    shift, and go to state 26
    PERCENTPAREN  shift, and go to state 27
    ATPAREN       shift, and go to state 28
    UNTIL         shift, and go to state 29
    EXTERNAL      shift, and go to state 30
    GLOBAL        shift, and go to state 31
    NEW           shift, and go to state 32
    SIZEOF        shift, and go to state 33
    TYPEOF        shift, and go to state 34
    SAME          shift, and go to state 35
    TILDA         shift, and go to state 36
    DOWNCHUCK     shift, and go to state 37
    STATIC        shift, and go to state 41
    SPORK         shift, and go to state 42
    L_HACK        shift, and go to state 43
    AT_IMPORT     shift, and go to state 44
    AT_DOC        shift, and go to state 45
    AT_EXAMPLE    shift, and go to state 46

    type_decl_a                go to state 53
    type_decl_b                go to state 54
    type_decl                  go to state 55
    statement                  go to state 339
    jump_statement             go to state 58
    selection_statement        go to state 59
    loop_statement             go to state 60
    code_segment               go to state 61
    import_statement           go to state 62
    doc_statement              go to state 63
    example_statement          go to state 64
    expression_statement       go to state 65
    expression                 go to state 66
    chuck_expression           go to state 67
    arrow_expression           go to state 68
    array_exp                  go to state 69
    decl_expression            go to state 70
    complex_exp                go to state 71
    polar_exp                  go to state 72
    vec_exp                    go to state 73
    conditional_expression     go to state 74
    logical_or_expression      go to state 75
    logical_and_expression     go to state 76
    inclusive_or_expression    go to state 77
    exclusive_or_expression    go to state 78
    and_expression             go to state 79
    equality_expression        go to state 80
    relational_expression      go to state 81
    shift_expression           go to state 82
    additive_expression        go to state 83
    multiplicative_expression  go to state 84
    tilda_expression           go to state 85
    cast_expression            go to state 86
    unary_expression           go to state 87
    unary_operator             go to state 88
    dur_expression             go to state 89
    postfix_expression         go to state 90
    primary_expression         go to state 91


state 294

  202 unary_expression: NEW type_decl LPAREN RPAREN .
  204                 | NEW type_decl LPAREN RPAREN . array_exp

    LBRACK  shift, and go to state 8

    $default  reduce using rule 202 (unary_expression)

    array_exp  go to state 340


state 295

  109 expression: expression . COMMA chuck_expression
  203 unary_expression: NEW type_decl LPAREN expression . RPAREN
  205                 | NEW type_decl LPAREN expression . RPAREN array_exp

    COMMA   shift, and go to state 152
    RPAREN  shift, and go to state 341


state 296

  132 var_decl: ID LPAREN RPAREN .
  134         | ID LPAREN RPAREN . array_exp

    LBRACK  shift, and go to state 8

    $default  reduce using rule 132 (var_decl)

    array_exp  go to state 342


state 297

  109 expression: expression . COMMA chuck_expression
  133 var_decl: ID LPAREN expression . RPAREN
  135         | ID LPAREN expression . RPAREN array_exp

    COMMA   shift, and go to state 152
    RPAREN  shift, and go to state 343


state 298

  118 array_empty: LBRACK RBRACK .

    $default  reduce using rule 118 (array_empty)


state 299

  119 array_empty: array_empty LBRACK . RBRACK

    RBRACK  shift, and go to state 344


state 300

  128 var_decl_list: var_decl COMMA var_decl_list .

    $default  reduce using rule 128 (var_decl_list)


state 301

   89 import_statement: AT_IMPORT LBRACK import_list LBRACK .

    $default  reduce using rule 89 (import_statement)


state 302

   92 import_list: import_target COMMA . import_list

    STRING_LIT  shift, and go to state 129

    import_list    go to state 345
    import_target  go to state 237


state 303

   90 import_statement: AT_IMPORT LBRACE import_list RBRACE .

    $default  reduce using rule 90 (import_statement)


state 304

   95 doc_statement: AT_DOC LBRACK doc_list RBRACK .

    $default  reduce using rule 95 (doc_statement)


state 305

   98 doc_list: doc_target COMMA . doc_list

    STRING_LIT  shift, and go to state 133

    doc_list    go to state 346
    doc_target  go to state 241


state 306

   96 doc_statement: AT_DOC LBRACE doc_list RBRACE .

    $default  reduce using rule 96 (doc_statement)


state 307

  101 example_statement: AT_EXAMPLE LBRACK example_list RBRACK .

    $default  reduce using rule 101 (example_statement)


state 308

  104 example_list: example_target COMMA . example_list

    STRING_LIT  shift, and go to state 137

    example_list    go to state 347
    example_target  go to state 244


state 309

  102 example_statement: AT_EXAMPLE LBRACE example_list RBRACE .

    $default  reduce using rule 102 (example_statement)


state 310

   23 id_list: ID COMMA . id_list

    ID  shift, and go to state 246

    id_list  go to state 348


state 311

    6 class_definition: class_decl CLASS id_list LBRACE . class_body RBRACE

    ID            shift, and go to state 1
    STRING_LIT    shift, and go to state 2
    CHAR_LIT      shift, and go to state 3
    INT_VAL       shift, and go to state 4
    FLOAT_VAL     shift, and go to state 5
    SEMICOLON     shift, and go to state 6
    LPAREN        shift, and go to state 7
    LBRACK        shift, and go to state 8
    LBRACE        shift, and go to state 9
    PLUS          shift, and go to state 10
    MINUS         shift, and go to state 11
    TIMES         shift, and go to state 12
    LT            shift, and go to state 13
    IF            shift, and go to state 14
    WHILE         shift, and go to state 15
    FOR           shift, and go to state 16
    DO            shift, and go to state 17
    LOOP          shift, and go to state 18
    BREAK         shift, and go to state 19
    CONTINUE      shift, and go to state 20
    FUNCTION      shift, and go to state 21
    RETURN        shift, and go to state 22
    EXCLAMATION   shift, and go to state 23
    PLUSPLUS      shift, and go to state 24
    MINUSMINUS    shift, and go to state 25
    POUNDPAREN    shift, and go to state 26
    PERCENTPAREN  shift, and go to state 27
    ATPAREN       shift, and go to state 28
    UNTIL         shift, and go to state 29
    EXTERNAL      shift, and go to state 30
    GLOBAL        shift, and go to state 31
    NEW           shift, and go to state 32
    SIZEOF        shift, and go to state 33
    TYPEOF        shift, and go to state 34
    SAME          shift, and go to state 35
    TILDA         shift, and go to state 36
    DOWNCHUCK     shift, and go to state 37
    PUBLIC        shift, and go to state 38
    PROTECTED     shift, and go to state 39
    PRIVATE       shift, and go to state 40
    STATIC        shift, and go to state 41
    SPORK         shift, and go to state 42
    L_HACK        shift, and go to state 43
    AT_IMPORT     shift, and go to state 44
    AT_DOC        shift, and go to state 45
    AT_EXAMPLE    shift, and go to state 46

    RBRACE    reduce using rule 15 (class_body)
    $default  reduce using rule 42 (class_decl)

    class_definition           go to state 349
    class_body                 go to state 350
    class_body2                go to state 351
    class_section              go to state 352
    function_definition        go to state 353
    class_decl                 go to state 51
    function_decl              go to state 52
    type_decl_a                go to state 53
    type_decl_b                go to state 54
    type_decl                  go to state 55
    statement_list             go to state 354
    statement                  go to state 57
    jump_statement             go to state 58
    selection_statement        go to state 59
    loop_statement             go to state 60
    code_segment               go to state 61
    import_statement           go to state 62
    doc_statement              go to state 63
    example_statement          go to state 64
    expression_statement       go to state 65
    expression                 go to state 66
    chuck_expression           go to state 67
    arrow_expression           go to state 68
    array_exp                  go to state 69
    decl_expression            go to state 70
    complex_exp                go to state 71
    polar_exp                  go to state 72
    vec_exp                    go to state 73
    conditional_expression     go to state 74
    logical_or_expression      go to state 75
    logical_and_expression     go to state 76
    inclusive_or_expression    go to state 77
    exclusive_or_expression    go to state 78
    and_expression             go to state 79
    equality_expression        go to state 80
    relational_expression      go to state 81
    shift_expression           go to state 82
    additive_expression        go to state 83
    multiplicative_expression  go to state 84
    tilda_expression           go to state 85
    cast_expression            go to state 86
    unary_expression           go to state 87
    unary_operator             go to state 88
    dur_expression             go to state 89
    postfix_expression         go to state 90
    primary_expression         go to state 91


state 312

   12 class_ext: EXTENDS . id_dot
   13          | EXTENDS . id_dot IMPLEMENTS id_list

    ID  shift, and go to state 98

    id_dot  go to state 355


state 313

   10 class_ext: IMPLEMENTS . id_list
   11          | IMPLEMENTS . id_list EXTENDS id_dot

    ID  shift, and go to state 246

    id_list  go to state 356


state 314

    7 class_definition: class_decl CLASS id_list class_ext . LBRACE class_body RBRACE

    LBRACE  shift, and go to state 357


state 315

    8 class_definition: class_decl INTERFACE id_list LBRACE . class_body RBRACE

    ID            shift, and go to state 1
    STRING_LIT    shift, and go to state 2
    CHAR_LIT      shift, and go to state 3
    INT_VAL       shift, and go to state 4
    FLOAT_VAL     shift, and go to state 5
    SEMICOLON     shift, and go to state 6
    LPAREN        shift, and go to state 7
    LBRACK        shift, and go to state 8
    LBRACE        shift, and go to state 9
    PLUS          shift, and go to state 10
    MINUS         shift, and go to state 11
    TIMES         shift, and go to state 12
    LT            shift, and go to state 13
    IF            shift, and go to state 14
    WHILE         shift, and go to state 15
    FOR           shift, and go to state 16
    DO            shift, and go to state 17
    LOOP          shift, and go to state 18
    BREAK         shift, and go to state 19
    CONTINUE      shift, and go to state 20
    FUNCTION      shift, and go to state 21
    RETURN        shift, and go to state 22
    EXCLAMATION   shift, and go to state 23
    PLUSPLUS      shift, and go to state 24
    MINUSMINUS    shift, and go to state 25
    POUNDPAREN    shift, and go to state 26
    PERCENTPAREN  shift, and go to state 27
    ATPAREN       shift, and go to state 28
    UNTIL         shift, and go to state 29
    EXTERNAL      shift, and go to state 30
    GLOBAL        shift, and go to state 31
    NEW           shift, and go to state 32
    SIZEOF        shift, and go to state 33
    TYPEOF        shift, and go to state 34
    SAME          shift, and go to state 35
    TILDA         shift, and go to state 36
    DOWNCHUCK     shift, and go to state 37
    PUBLIC        shift, and go to state 38
    PROTECTED     shift, and go to state 39
    PRIVATE       shift, and go to state 40
    STATIC        shift, and go to state 41
    SPORK         shift, and go to state 42
    L_HACK        shift, and go to state 43
    AT_IMPORT     shift, and go to state 44
    AT_DOC        shift, and go to state 45
    AT_EXAMPLE    shift, and go to state 46

    RBRACE    reduce using rule 15 (class_body)
    $default  reduce using rule 42 (class_decl)

    class_definition           go to state 349
    class_body                 go to state 358
    class_body2                go to state 351
    class_section              go to state 352
    function_definition        go to state 353
    class_decl                 go to state 51
    function_decl              go to state 52
    type_decl_a                go to state 53
    type_decl_b                go to state 54
    type_decl                  go to state 55
    statement_list             go to state 354
    statement                  go to state 57
    jump_statement             go to state 58
    selection_statement        go to state 59
    loop_statement             go to state 60
    code_segment               go to state 61
    import_statement           go to state 62
    doc_statement              go to state 63
    example_statement          go to state 64
    expression_statement       go to state 65
    expression                 go to state 66
    chuck_expression           go to state 67
    arrow_expression           go to state 68
    array_exp                  go to state 69
    decl_expression            go to state 70
    complex_exp                go to state 71
    polar_exp                  go to state 72
    vec_exp                    go to state 73
    conditional_expression     go to state 74
    logical_or_expression      go to state 75
    logical_and_expression     go to state 76
    inclusive_or_expression    go to state 77
    exclusive_or_expression    go to state 78
    and_expression             go to state 79
    equality_expression        go to state 80
    relational_expression      go to state 81
    shift_expression           go to state 82
    additive_expression        go to state 83
    multiplicative_expression  go to state 84
    tilda_expression           go to state 85
    cast_expression            go to state 86
    unary_expression           go to state 87
    unary_operator             go to state 88
    dur_expression             go to state 89
    postfix_expression         go to state 90
    primary_expression         go to state 91


state 316

   21 iface_ext: EXTENDS . id_list

    ID  shift, and go to state 246

    id_list  go to state 359


state 317

    9 class_definition: class_decl INTERFACE id_list iface_ext . LBRACE class_body RBRACE

    LBRACE  shift, and go to state 360


state 318

   31 function_definition: function_decl AT_CTOR LPAREN RPAREN . code_segment

    LBRACE  shift, and go to state 9

    code_segment  go to state 361


state 319

   58 arg_list: type_decl . var_decl
   59         | type_decl . var_decl COMMA arg_list

    ID  shift, and go to state 122

    var_decl  go to state 362


state 320

   30 function_definition: function_decl AT_CTOR LPAREN arg_list . RPAREN code_segment

    RPAREN  shift, and go to state 363


state 321

   32 function_definition: function_decl AT_DTOR LPAREN RPAREN . code_segment

    LBRACE  shift, and go to state 9

    code_segment  go to state 364


state 322

   33 function_definition: function_decl AT_DTOR LPAREN arg_list . RPAREN code_segment

    RPAREN  shift, and go to state 365


state 323

   28 function_definition: function_decl static_decl ID LPAREN . arg_list RPAREN code_segment
   29                    | function_decl static_decl ID LPAREN . RPAREN code_segment

    ID      shift, and go to state 116
    RPAREN  shift, and go to state 366
    LT      shift, and go to state 13

    type_decl_a  go to state 53
    type_decl_b  go to state 54
    type_decl    go to state 319
    arg_list     go to state 367


state 324

  118 array_empty: LBRACK . RBRACK

    RBRACK  shift, and go to state 298


state 325

   57 type_decl2: type_decl array_empty .
  119 array_empty: array_empty . LBRACK RBRACK

    LBRACK  shift, and go to state 299

    $default  reduce using rule 57 (type_decl2)


state 326

   26 function_definition: function_decl static_decl type_decl2 ID . LPAREN arg_list RPAREN code_segment
   27                    | function_decl static_decl type_decl2 ID . LPAREN RPAREN code_segment
   34                    | function_decl static_decl type_decl2 ID . LPAREN arg_list RPAREN SEMICOLON
   35                    | function_decl static_decl type_decl2 ID . LPAREN RPAREN SEMICOLON

    LPAREN  shift, and go to state 368


state 327

   36 function_definition: function_decl static_decl type_decl2 AT_OP . overloadable_operator LPAREN arg_list RPAREN code_segment
   37                    | function_decl static_decl type_decl2 AT_OP . LPAREN arg_list RPAREN overloadable_operator code_segment
   38                    | function_decl static_decl type_decl2 AT_OP . LPAREN overloadable_operator RPAREN LPAREN arg_list RPAREN code_segment
   39                    | function_decl static_decl type_decl2 AT_OP . LPAREN arg_list RPAREN LPAREN overloadable_operator RPAREN code_segment

    LPAREN             shift, and go to state 369
    PLUS               shift, and go to state 370
    MINUS              shift, and go to state 371
    TIMES              shift, and go to state 372
    DIVIDE             shift, and go to state 373
    PERCENT            shift, and go to state 374
    EQ                 shift, and go to state 375
    NEQ                shift, and go to state 376
    LT                 shift, and go to state 377
    LE                 shift, and go to state 378
    GT                 shift, and go to state 379
    GE                 shift, and go to state 380
    AND                shift, and go to state 381
    OR                 shift, and go to state 382
    ASSIGN             shift, and go to state 383
    EXCLAMATION        shift, and go to state 384
    S_OR               shift, and go to state 385
    S_AND              shift, and go to state 386
    S_XOR              shift, and go to state 387
    PLUSPLUS           shift, and go to state 388
    MINUSMINUS         shift, and go to state 389
    DOLLAR             shift, and go to state 390
    ATAT_SYM           shift, and go to state 391
    PLUS_CHUCK         shift, and go to state 392
    MINUS_CHUCK        shift, and go to state 393
    TIMES_CHUCK        shift, and go to state 394
    DIVIDE_CHUCK       shift, and go to state 395
    S_AND_CHUCK        shift, and go to state 396
    S_OR_CHUCK         shift, and go to state 397
    S_XOR_CHUCK        shift, and go to state 398
    SHIFT_RIGHT_CHUCK  shift, and go to state 399
    SHIFT_LEFT_CHUCK   shift, and go to state 400
    PERCENT_CHUCK      shift, and go to state 401
    SHIFT_RIGHT        shift, and go to state 402
    SHIFT_LEFT         shift, and go to state 403
    TILDA              shift, and go to state 404
    CHUCK              shift, and go to state 405
    COLONCOLON         shift, and go to state 406
    AT_CHUCK           shift, and go to state 407
    UNCHUCK            shift, and go to state 408
    UPCHUCK            shift, and go to state 409
    DOWNCHUCK          shift, and go to state 410
    ARROW_RIGHT        shift, and go to state 411
    ARROW_LEFT         shift, and go to state 412
    GRUCK_RIGHT        shift, and go to state 413
    GRUCK_LEFT         shift, and go to state 414
    UNGRUCK_RIGHT      shift, and go to state 415
    UNGRUCK_LEFT       shift, and go to state 416

    overloadable_operator  go to state 417


state 328

  161 conditional_expression: logical_or_expression QUESTION expression COLON . conditional_expression

    ID            shift, and go to state 109
    STRING_LIT    shift, and go to state 2
    CHAR_LIT      shift, and go to state 3
    INT_VAL       shift, and go to state 4
    FLOAT_VAL     shift, and go to state 5
    LPAREN        shift, and go to state 7
    LBRACK        shift, and go to state 8
    PLUS          shift, and go to state 10
    MINUS         shift, and go to state 11
    TIMES         shift, and go to state 12
    EXCLAMATION   shift, and go to state 23
    PLUSPLUS      shift, and go to state 24
    MINUSMINUS    shift, and go to state 25
    POUNDPAREN    shift, and go to state 26
    PERCENTPAREN  shift, and go to state 27
    ATPAREN       shift, and go to state 28
    NEW           shift, and go to state 32
    SIZEOF        shift, and go to state 33
    TYPEOF        shift, and go to state 34
    TILDA         shift, and go to state 36
    DOWNCHUCK     shift, and go to state 37
    SPORK         shift, and go to state 42
    L_HACK        shift, and go to state 43

    array_exp                  go to state 69
    complex_exp                go to state 71
    polar_exp                  go to state 72
    vec_exp                    go to state 73
    conditional_expression     go to state 418
    logical_or_expression      go to state 75
    logical_and_expression     go to state 76
    inclusive_or_expression    go to state 77
    exclusive_or_expression    go to state 78
    and_expression             go to state 79
    equality_expression        go to state 80
    relational_expression      go to state 81
    shift_expression           go to state 82
    additive_expression        go to state 83
    multiplicative_expression  go to state 84
    tilda_expression           go to state 85
    cast_expression            go to state 86
    unary_expression           go to state 87
    unary_operator             go to state 88
    dur_expression             go to state 89
    postfix_expression         go to state 90
    primary_expression         go to state 91


state 329

  265 postfix_expression: postfix_expression LPAREN expression RPAREN .

    $default  reduce using rule 265 (postfix_expression)


state 330

  117 array_exp: LBRACK expression COMMA RBRACK array_exp .

    $default  reduce using rule 117 (array_exp)


state 331

   74 selection_statement: IF LPAREN expression RPAREN statement .
   75                    | IF LPAREN expression RPAREN statement . ELSE statement

    ELSE  shift, and go to state 419

    ELSE      [reduce using rule 74 (selection_statement)]
    $default  reduce using rule 74 (selection_statement)


state 332

   76 loop_statement: WHILE LPAREN expression RPAREN statement .

    $default  reduce using rule 76 (loop_statement)


state 333

   78 loop_statement: FOR LPAREN expression_statement expression_statement RPAREN . statement

    ID            shift, and go to state 1
    STRING_LIT    shift, and go to state 2
    CHAR_LIT      shift, and go to state 3
    INT_VAL       shift, and go to state 4
    FLOAT_VAL     shift, and go to state 5
    SEMICOLON     shift, and go to state 6
    LPAREN        shift, and go to state 7
    LBRACK        shift, and go to state 8
    LBRACE        shift, and go to state 9
    PLUS          shift, and go to state 10
    MINUS         shift, and go to state 11
    TIMES         shift, and go to state 12
    LT            shift, and go to state 13
    IF            shift, and go to state 14
    WHILE         shift, and go to state 15
    FOR           shift, and go to state 16
    DO            shift, and go to state 17
    LOOP          shift, and go to state 18
    BREAK         shift, and go to state 19
    CONTINUE      shift, and go to state 20
    RETURN        shift, and go to state 22
    EXCLAMATION   shift, and go to state 23
    PLUSPLUS      shift, and go to state 24
    MINUSMINUS    shift, and go to state 25
    POUNDPAREN    shift, and go to state 26
    PERCENTPAREN  shift, and go to state 27
    ATPAREN       shift, and go to state 28
    UNTIL         shift, and go to state 29
    EXTERNAL      shift, and go to state 30
    GLOBAL        shift, and go to state 31
    NEW           shift, and go to state 32
    SIZEOF        shift, and go to state 33
    TYPEOF        shift, and go to state 34
    SAME          shift, and go to state 35
    TILDA         shift, and go to state 36
    DOWNCHUCK     shift, and go to state 37
    STATIC        shift, and go to state 41
    SPORK         shift, and go to state 42
    L_HACK        shift, and go to state 43
    AT_IMPORT     shift, and go to state 44
    AT_DOC        shift, and go to state 45
    AT_EXAMPLE    shift, and go to state 46

    type_decl_a                go to state 53
    type_decl_b                go to state 54
    type_decl                  go to state 55
    statement                  go to state 420
    jump_statement             go to state 58
    selection_statement        go to state 59
    loop_statement             go to state 60
    code_segment               go to state 61
    import_statement           go to state 62
    doc_statement              go to state 63
    example_statement          go to state 64
    expression_statement       go to state 65
    expression                 go to state 66
    chuck_expression           go to state 67
    arrow_expression           go to state 68
    array_exp                  go to state 69
    decl_expression            go to state 70
    complex_exp                go to state 71
    polar_exp                  go to state 72
    vec_exp                    go to state 73
    conditional_expression     go to state 74
    logical_or_expression      go to state 75
    logical_and_expression     go to state 76
    inclusive_or_expression    go to state 77
    exclusive_or_expression    go to state 78
    and_expression             go to state 79
    equality_expression        go to state 80
    relational_expression      go to state 81
    shift_expression           go to state 82
    additive_expression        go to state 83
    multiplicative_expression  go to state 84
    tilda_expression           go to state 85
    cast_expression            go to state 86
    unary_expression           go to state 87
    unary_operator             go to state 88
    dur_expression             go to state 89
    postfix_expression         go to state 90
    primary_expression         go to state 91


state 334

   79 loop_statement: FOR LPAREN expression_statement expression_statement expression . RPAREN statement
  109 expression: expression . COMMA chuck_expression

    COMMA   shift, and go to state 152
    RPAREN  shift, and go to state 421


state 335

   80 loop_statement: FOR LPAREN expression COLON expression . RPAREN statement
  109 expression: expression . COMMA chuck_expression

    COMMA   shift, and go to state 152
    RPAREN  shift, and go to state 422


state 336

   77 loop_statement: DO statement WHILE LPAREN expression . RPAREN SEMICOLON
  109 expression: expression . COMMA chuck_expression

    COMMA   shift, and go to state 152
    RPAREN  shift, and go to state 423


state 337

   82 loop_statement: DO statement UNTIL LPAREN expression . RPAREN SEMICOLON
  109 expression: expression . COMMA chuck_expression

    COMMA   shift, and go to state 152
    RPAREN  shift, and go to state 424


state 338

   83 loop_statement: LOOP LPAREN expression RPAREN statement .

    $default  reduce using rule 83 (loop_statement)


state 339

   81 loop_statement: UNTIL LPAREN expression RPAREN statement .

    $default  reduce using rule 81 (loop_statement)


state 340

  204 unary_expression: NEW type_decl LPAREN RPAREN array_exp .

    $default  reduce using rule 204 (unary_expression)


state 341

  203 unary_expression: NEW type_decl LPAREN expression RPAREN .
  205                 | NEW type_decl LPAREN expression RPAREN . array_exp

    LBRACK  shift, and go to state 8

    $default  reduce using rule 203 (unary_expression)

    array_exp  go to state 425


state 342

  134 var_decl: ID LPAREN RPAREN array_exp .

    $default  reduce using rule 134 (var_decl)


state 343

  133 var_decl: ID LPAREN expression RPAREN .
  135         | ID LPAREN expression RPAREN . array_exp

    LBRACK  shift, and go to state 8

    $default  reduce using rule 133 (var_decl)

    array_exp  go to state 426


state 344

  119 array_empty: array_empty LBRACK RBRACK .

    $default  reduce using rule 119 (array_empty)


state 345

   92 import_list: import_target COMMA import_list .

    $default  reduce using rule 92 (import_list)


state 346

   98 doc_list: doc_target COMMA doc_list .

    $default  reduce using rule 98 (doc_list)


state 347

  104 example_list: example_target COMMA example_list .

    $default  reduce using rule 104 (example_list)


state 348

   23 id_list: ID COMMA id_list .

    $default  reduce using rule 23 (id_list)


state 349

   20 class_section: class_definition .

    $default  reduce using rule 20 (class_section)


state 350

    6 class_definition: class_decl CLASS id_list LBRACE class_body . RBRACE

    RBRACE  shift, and go to state 427


state 351

   14 class_body: class_body2 .

    $default  reduce using rule 14 (class_body)


state 352

   16 class_body2: class_section .
   17            | class_section . class_body2

    ID            shift, and go to state 1
    STRING_LIT    shift, and go to state 2
    CHAR_LIT      shift, and go to state 3
    INT_VAL       shift, and go to state 4
    FLOAT_VAL     shift, and go to state 5
    SEMICOLON     shift, and go to state 6
    LPAREN        shift, and go to state 7
    LBRACK        shift, and go to state 8
    LBRACE        shift, and go to state 9
    PLUS          shift, and go to state 10
    MINUS         shift, and go to state 11
    TIMES         shift, and go to state 12
    LT            shift, and go to state 13
    IF            shift, and go to state 14
    WHILE         shift, and go to state 15
    FOR           shift, and go to state 16
    DO            shift, and go to state 17
    LOOP          shift, and go to state 18
    BREAK         shift, and go to state 19
    CONTINUE      shift, and go to state 20
    FUNCTION      shift, and go to state 21
    RETURN        shift, and go to state 22
    EXCLAMATION   shift, and go to state 23
    PLUSPLUS      shift, and go to state 24
    MINUSMINUS    shift, and go to state 25
    POUNDPAREN    shift, and go to state 26
    PERCENTPAREN  shift, and go to state 27
    ATPAREN       shift, and go to state 28
    UNTIL         shift, and go to state 29
    EXTERNAL      shift, and go to state 30
    GLOBAL        shift, and go to state 31
    NEW           shift, and go to state 32
    SIZEOF        shift, and go to state 33
    TYPEOF        shift, and go to state 34
    SAME          shift, and go to state 35
    TILDA         shift, and go to state 36
    DOWNCHUCK     shift, and go to state 37
    PUBLIC        shift, and go to state 38
    PROTECTED     shift, and go to state 39
    PRIVATE       shift, and go to state 40
    STATIC        shift, and go to state 41
    SPORK         shift, and go to state 42
    L_HACK        shift, and go to state 43
    AT_IMPORT     shift, and go to state 44
    AT_DOC        shift, and go to state 45
    AT_EXAMPLE    shift, and go to state 46

    RBRACE    reduce using rule 16 (class_body2)
    $default  reduce using rule 42 (class_decl)

    class_definition           go to state 349
    class_body2                go to state 428
    class_section              go to state 352
    function_definition        go to state 353
    class_decl                 go to state 51
    function_decl              go to state 52
    type_decl_a                go to state 53
    type_decl_b                go to state 54
    type_decl                  go to state 55
    statement_list             go to state 354
    statement                  go to state 57
    jump_statement             go to state 58
    selection_statement        go to state 59
    loop_statement             go to state 60
    code_segment               go to state 61
    import_statement           go to state 62
    doc_statement              go to state 63
    example_statement          go to state 64
    expression_statement       go to state 65
    expression                 go to state 66
    chuck_expression           go to state 67
    arrow_expression           go to state 68
    array_exp                  go to state 69
    decl_expression            go to state 70
    complex_exp                go to state 71
    polar_exp                  go to state 72
    vec_exp                    go to state 73
    conditional_expression     go to state 74
    logical_or_expression      go to state 75
    logical_and_expression     go to state 76
    inclusive_or_expression    go to state 77
    exclusive_or_expression    go to state 78
    and_expression             go to state 79
    equality_expression        go to state 80
    relational_expression      go to state 81
    shift_expression           go to state 82
    additive_expression        go to state 83
    multiplicative_expression  go to state 84
    tilda_expression           go to state 85
    cast_expression            go to state 86
    unary_expression           go to state 87
    unary_operator             go to state 88
    dur_expression             go to state 89
    postfix_expression         go to state 90
    primary_expression         go to state 91


state 353

   19 class_section: function_definition .

    $default  reduce using rule 19 (class_section)


state 354

   18 class_section: statement_list .
   61 statement_list: statement_list . statement

    ID            shift, and go to state 1
    STRING_LIT    shift, and go to state 2
    CHAR_LIT      shift, and go to state 3
    INT_VAL       shift, and go to state 4
    FLOAT_VAL     shift, and go to state 5
    SEMICOLON     shift, and go to state 6
    LPAREN        shift, and go to state 7
    LBRACK        shift, and go to state 8
    LBRACE        shift, and go to state 9
    PLUS          shift, and go to state 10
    MINUS         shift, and go to state 11
    TIMES         shift, and go to state 12
    LT            shift, and go to state 13
    IF            shift, and go to state 14
    WHILE         shift, and go to state 15
    FOR           shift, and go to state 16
    DO            shift, and go to state 17
    LOOP          shift, and go to state 18
    BREAK         shift, and go to state 19
    CONTINUE      shift, and go to state 20
    RETURN        shift, and go to state 22
    EXCLAMATION   shift, and go to state 23
    PLUSPLUS      shift, and go to state 24
    MINUSMINUS    shift, and go to state 25
    POUNDPAREN    shift, and go to state 26
    PERCENTPAREN  shift, and go to state 27
    ATPAREN       shift, and go to state 28
    UNTIL         shift, and go to state 29
    EXTERNAL      shift, and go to state 30
    GLOBAL        shift, and go to state 31
    NEW           shift, and go to state 32
    SIZEOF        shift, and go to state 33
    TYPEOF        shift, and go to state 34
    SAME          shift, and go to state 35
    TILDA         shift, and go to state 36
    DOWNCHUCK     shift, and go to state 37
    STATIC        shift, and go to state 41
    SPORK         shift, and go to state 42
    L_HACK        shift, and go to state 43
    AT_IMPORT     shift, and go to state 44
    AT_DOC        shift, and go to state 45
    AT_EXAMPLE    shift, and go to state 46

    ID            [reduce using rule 18 (class_section)]
    STRING_LIT    [reduce using rule 18 (class_section)]
    CHAR_LIT      [reduce using rule 18 (class_section)]
    INT_VAL       [reduce using rule 18 (class_section)]
    FLOAT_VAL     [reduce using rule 18 (class_section)]
    SEMICOLON     [reduce using rule 18 (class_section)]
    LPAREN        [reduce using rule 18 (class_section)]
    LBRACK        [reduce using rule 18 (class_section)]
    LBRACE        [reduce using rule 18 (class_section)]
    PLUS          [reduce using rule 18 (class_section)]
    MINUS         [reduce using rule 18 (class_section)]
    TIMES         [reduce using rule 18 (class_section)]
    LT            [reduce using rule 18 (class_section)]
    IF            [reduce using rule 18 (class_section)]
    WHILE         [reduce using rule 18 (class_section)]
    FOR           [reduce using rule 18 (class_section)]
    DO            [reduce using rule 18 (class_section)]
    LOOP          [reduce using rule 18 (class_section)]
    BREAK         [reduce using rule 18 (class_section)]
    CONTINUE      [reduce using rule 18 (class_section)]
    RETURN        [reduce using rule 18 (class_section)]
    EXCLAMATION   [reduce using rule 18 (class_section)]
    PLUSPLUS      [reduce using rule 18 (class_section)]
    MINUSMINUS    [reduce using rule 18 (class_section)]
    POUNDPAREN    [reduce using rule 18 (class_section)]
    PERCENTPAREN  [reduce using rule 18 (class_section)]
    ATPAREN       [reduce using rule 18 (class_section)]
    UNTIL         [reduce using rule 18 (class_section)]
    EXTERNAL      [reduce using rule 18 (class_section)]
    GLOBAL        [reduce using rule 18 (class_section)]
    NEW           [reduce using rule 18 (class_section)]
    SIZEOF        [reduce using rule 18 (class_section)]
    TYPEOF        [reduce using rule 18 (class_section)]
    SAME          [reduce using rule 18 (class_section)]
    TILDA         [reduce using rule 18 (class_section)]
    DOWNCHUCK     [reduce using rule 18 (class_section)]
    STATIC        [reduce using rule 18 (class_section)]
    SPORK         [reduce using rule 18 (class_section)]
    L_HACK        [reduce using rule 18 (class_section)]
    AT_IMPORT     [reduce using rule 18 (class_section)]
    AT_DOC        [reduce using rule 18 (class_section)]
    AT_EXAMPLE    [reduce using rule 18 (class_section)]
    $default      reduce using rule 18 (class_section)

    type_decl_a                go to state 53
    type_decl_b                go to state 54
    type_decl                  go to state 55
    statement                  go to state 151
    jump_statement             go to state 58
    selection_statement        go to state 59
    loop_statement             go to state 60
    code_segment               go to state 61
    import_statement           go to state 62
    doc_statement              go to state 63
    example_statement          go to state 64
    expression_statement       go to state 65
    expression                 go to state 66
    chuck_expression           go to state 67
    arrow_expression           go to state 68
    array_exp                  go to state 69
    decl_expression            go to state 70
    complex_exp                go to state 71
    polar_exp                  go to state 72
    vec_exp                    go to state 73
    conditional_expression     go to state 74
    logical_or_expression      go to state 75
    logical_and_expression     go to state 76
    inclusive_or_expression    go to state 77
    exclusive_or_expression    go to state 78
    and_expression             go to state 79
    equality_expression        go to state 80
    relational_expression      go to state 81
    shift_expression           go to state 82
    additive_expression        go to state 83
    multiplicative_expression  go to state 84
    tilda_expression           go to state 85
    cast_expression            go to state 86
    unary_expression           go to state 87
    unary_operator             go to state 88
    dur_expression             go to state 89
    postfix_expression         go to state 90
    primary_expression         go to state 91


state 355

   12 class_ext: EXTENDS id_dot .
   13          | EXTENDS id_dot . IMPLEMENTS id_list

    IMPLEMENTS  shift, and go to state 429

    $default  reduce using rule 12 (class_ext)


state 356

   10 class_ext: IMPLEMENTS id_list .
   11          | IMPLEMENTS id_list . EXTENDS id_dot

    EXTENDS  shift, and go to state 430

    $default  reduce using rule 10 (class_ext)


state 357

    7 class_definition: class_decl CLASS id_list class_ext LBRACE . class_body RBRACE

    ID            shift, and go to state 1
    STRING_LIT    shift, and go to state 2
    CHAR_LIT      shift, and go to state 3
    INT_VAL       shift, and go to state 4
    FLOAT_VAL     shift, and go to state 5
    SEMICOLON     shift, and go to state 6
    LPAREN        shift, and go to state 7
    LBRACK        shift, and go to state 8
    LBRACE        shift, and go to state 9
    PLUS          shift, and go to state 10
    MINUS         shift, and go to state 11
    TIMES         shift, and go to state 12
    LT            shift, and go to state 13
    IF            shift, and go to state 14
    WHILE         shift, and go to state 15
    FOR           shift, and go to state 16
    DO            shift, and go to state 17
    LOOP          shift, and go to state 18
    BREAK         shift, and go to state 19
    CONTINUE      shift, and go to state 20
    FUNCTION      shift, and go to state 21
    RETURN        shift, and go to state 22
    EXCLAMATION   shift, and go to state 23
    PLUSPLUS      shift, and go to state 24
    MINUSMINUS    shift, and go to state 25
    POUNDPAREN    shift, and go to state 26
    PERCENTPAREN  shift, and go to state 27
    ATPAREN       shift, and go to state 28
    UNTIL         shift, and go to state 29
    EXTERNAL      shift, and go to state 30
    GLOBAL        shift, and go to state 31
    NEW           shift, and go to state 32
    SIZEOF        shift, and go to state 33
    TYPEOF        shift, and go to state 34
    SAME          shift, and go to state 35
    TILDA         shift, and go to state 36
    DOWNCHUCK     shift, and go to state 37
    PUBLIC        shift, and go to state 38
    PROTECTED     shift, and go to state 39
    PRIVATE       shift, and go to state 40
    STATIC        shift, and go to state 41
    SPORK         shift, and go to state 42
    L_HACK        shift, and go to state 43
    AT_IMPORT     shift, and go to state 44
    AT_DOC        shift, and go to state 45
    AT_EXAMPLE    shift, and go to state 46

    RBRACE    reduce using rule 15 (class_body)
    $default  reduce using rule 42 (class_decl)

    class_definition           go to state 349
    class_body                 go to state 431
    class_body2                go to state 351
    class_section              go to state 352
    function_definition        go to state 353
    class_decl                 go to state 51
    function_decl              go to state 52
    type_decl_a                go to state 53
    type_decl_b                go to state 54
    type_decl                  go to state 55
    statement_list             go to state 354
    statement                  go to state 57
    jump_statement             go to state 58
    selection_statement        go to state 59
    loop_statement             go to state 60
    code_segment               go to state 61
    import_statement           go to state 62
    doc_statement              go to state 63
    example_statement          go to state 64
    expression_statement       go to state 65
    expression                 go to state 66
    chuck_expression           go to state 67
    arrow_expression           go to state 68
    array_exp                  go to state 69
    decl_expression            go to state 70
    complex_exp                go to state 71
    polar_exp                  go to state 72
    vec_exp                    go to state 73
    conditional_expression     go to state 74
    logical_or_expression      go to state 75
    logical_and_expression     go to state 76
    inclusive_or_expression    go to state 77
    exclusive_or_expression    go to state 78
    and_expression             go to state 79
    equality_expression        go to state 80
    relational_expression      go to state 81
    shift_expression           go to state 82
    additive_expression        go to state 83
    multiplicative_expression  go to state 84
    tilda_expression           go to state 85
    cast_expression            go to state 86
    unary_expression           go to state 87
    unary_operator             go to state 88
    dur_expression             go to state 89
    postfix_expression         go to state 90
    primary_expression         go to state 91


state 358

    8 class_definition: class_decl INTERFACE id_list LBRACE class_body . RBRACE

    RBRACE  shift, and go to state 432


state 359

   21 iface_ext: EXTENDS id_list .

    $default  reduce using rule 21 (iface_ext)


state 360

    9 class_definition: class_decl INTERFACE id_list iface_ext LBRACE . class_body RBRACE

    ID            shift, and go to state 1
    STRING_LIT    shift, and go to state 2
    CHAR_LIT      shift, and go to state 3
    INT_VAL       shift, and go to state 4
    FLOAT_VAL     shift, and go to state 5
    SEMICOLON     shift, and go to state 6
    LPAREN        shift, and go to state 7
    LBRACK        shift, and go to state 8
    LBRACE        shift, and go to state 9
    PLUS          shift, and go to state 10
    MINUS         shift, and go to state 11
    TIMES         shift, and go to state 12
    LT            shift, and go to state 13
    IF            shift, and go to state 14
    WHILE         shift, and go to state 15
    FOR           shift, and go to state 16
    DO            shift, and go to state 17
    LOOP          shift, and go to state 18
    BREAK         shift, and go to state 19
    CONTINUE      shift, and go to state 20
    FUNCTION      shift, and go to state 21
    RETURN        shift, and go to state 22
    EXCLAMATION   shift, and go to state 23
    PLUSPLUS      shift, and go to state 24
    MINUSMINUS    shift, and go to state 25
    POUNDPAREN    shift, and go to state 26
    PERCENTPAREN  shift, and go to state 27
    ATPAREN       shift, and go to state 28
    UNTIL         shift, and go to state 29
    EXTERNAL      shift, and go to state 30
    GLOBAL        shift, and go to state 31
    NEW           shift, and go to state 32
    SIZEOF        shift, and go to state 33
    TYPEOF        shift, and go to state 34
    SAME          shift, and go to state 35
    TILDA         shift, and go to state 36
    DOWNCHUCK     shift, and go to state 37
    PUBLIC        shift, and go to state 38
    PROTECTED     shift, and go to state 39
    PRIVATE       shift, and go to state 40
    STATIC        shift, and go to state 41
    SPORK         shift, and go to state 42
    L_HACK        shift, and go to state 43
    AT_IMPORT     shift, and go to state 44
    AT_DOC        shift, and go to state 45
    AT_EXAMPLE    shift, and go to state 46

    RBRACE    reduce using rule 15 (class_body)
    $default  reduce using rule 42 (class_decl)

    class_definition           go to state 349
    class_body                 go to state 433
    class_body2                go to state 351
    class_section              go to state 352
    function_definition        go to state 353
    class_decl                 go to state 51
    function_decl              go to state 52
    type_decl_a                go to state 53
    type_decl_b                go to state 54
    type_decl                  go to state 55
    statement_list             go to state 354
    statement                  go to state 57
    jump_statement             go to state 58
    selection_statement        go to state 59
    loop_statement             go to state 60
    code_segment               go to state 61
    import_statement           go to state 62
    doc_statement              go to state 63
    example_statement          go to state 64
    expression_statement       go to state 65
    expression                 go to state 66
    chuck_expression           go to state 67
    arrow_expression           go to state 68
    array_exp                  go to state 69
    decl_expression            go to state 70
    complex_exp                go to state 71
    polar_exp                  go to state 72
    vec_exp                    go to state 73
    conditional_expression     go to state 74
    logical_or_expression      go to state 75
    logical_and_expression     go to state 76
    inclusive_or_expression    go to state 77
    exclusive_or_expression    go to state 78
    and_expression             go to state 79
    equality_expression        go to state 80
    relational_expression      go to state 81
    shift_expression           go to state 82
    additive_expression        go to state 83
    multiplicative_expression  go to state 84
    tilda_expression           go to state 85
    cast_expression            go to state 86
    unary_expression           go to state 87
    unary_operator             go to state 88
    dur_expression             go to state 89
    postfix_expression         go to state 90
    primary_expression         go to state 91


state 361

   31 function_definition: function_decl AT_CTOR LPAREN RPAREN code_segment .

    $default  reduce using rule 31 (function_definition)


state 362

   58 arg_list: type_decl var_decl .
   59         | type_decl var_decl . COMMA arg_list

    COMMA  shift, and go to state 434

    $default  reduce using rule 58 (arg_list)


state 363

   30 function_definition: function_decl AT_CTOR LPAREN arg_list RPAREN . code_segment

    LBRACE  shift, and go to state 9

    code_segment  go to state 435


state 364

   32 function_definition: function_decl AT_DTOR LPAREN RPAREN code_segment .

    $default  reduce using rule 32 (function_definition)


state 365

   33 function_definition: function_decl AT_DTOR LPAREN arg_list RPAREN . code_segment

    LBRACE  shift, and go to state 9

    code_segment  go to state 436


state 366

   29 function_definition: function_decl static_decl ID LPAREN RPAREN . code_segment

    LBRACE  shift, and go to state 9

    code_segment  go to state 437


state 367

   28 function_definition: function_decl static_decl ID LPAREN arg_list . RPAREN code_segment

    RPAREN  shift, and go to state 438


state 368

   26 function_definition: function_decl static_decl type_decl2 ID LPAREN . arg_list RPAREN code_segment
   27                    | function_decl static_decl type_decl2 ID LPAREN . RPAREN code_segment
   34                    | function_decl static_decl type_decl2 ID LPAREN . arg_list RPAREN SEMICOLON
   35                    | function_decl static_decl type_decl2 ID LPAREN . RPAREN SEMICOLON

    ID      shift, and go to state 116
    RPAREN  shift, and go to state 439
    LT      shift, and go to state 13

    type_decl_a  go to state 53
    type_decl_b  go to state 54
    type_decl    go to state 319
    arg_list     go to state 440


state 369

   37 function_definition: function_decl static_decl type_decl2 AT_OP LPAREN . arg_list RPAREN overloadable_operator code_segment
   38                    | function_decl static_decl type_decl2 AT_OP LPAREN . overloadable_operator RPAREN LPAREN arg_list RPAREN code_segment
   39                    | function_decl static_decl type_decl2 AT_OP LPAREN . arg_list RPAREN LPAREN overloadable_operator RPAREN code_segment

    ID                 shift, and go to state 116
    PLUS               shift, and go to state 370
    MINUS              shift, and go to state 371
    TIMES              shift, and go to state 372
    DIVIDE             shift, and go to state 373
    PERCENT            shift, and go to state 374
    EQ                 shift, and go to state 375
    NEQ                shift, and go to state 376
    LT                 shift, and go to state 441
    LE                 shift, and go to state 378
    GT                 shift, and go to state 379
    GE                 shift, and go to state 380
    AND                shift, and go to state 381
    OR                 shift, and go to state 382
    ASSIGN             shift, and go to state 383
    EXCLAMATION        shift, and go to state 384
    S_OR               shift, and go to state 385
    S_AND              shift, and go to state 386
    S_XOR              shift, and go to state 387
    PLUSPLUS           shift, and go to state 388
    MINUSMINUS         shift, and go to state 389
    DOLLAR             shift, and go to state 390
    ATAT_SYM           shift, and go to state 391
    PLUS_CHUCK         shift, and go to state 392
    MINUS_CHUCK        shift, and go to state 393
    TIMES_CHUCK        shift, and go to state 394
    DIVIDE_CHUCK       shift, and go to state 395
    S_AND_CHUCK        shift, and go to state 396
    S_OR_CHUCK         shift, and go to state 397
    S_XOR_CHUCK        shift, and go to state 398
    SHIFT_RIGHT_CHUCK  shift, and go to state 399
    SHIFT_LEFT_CHUCK   shift, and go to state 400
    PERCENT_CHUCK      shift, and go to state 401
    SHIFT_RIGHT        shift, and go to state 402
    SHIFT_LEFT         shift, and go to state 403
    TILDA              shift, and go to state 404
    CHUCK              shift, and go to state 405
    COLONCOLON         shift, and go to state 406
    AT_CHUCK           shift, and go to state 407
    UNCHUCK            shift, and go to state 408
    UPCHUCK            shift, and go to state 409
    DOWNCHUCK          shift, and go to state 410
    ARROW_RIGHT        shift, and go to state 411
    ARROW_LEFT         shift, and go to state 412
    GRUCK_RIGHT        shift, and go to state 413
    GRUCK_LEFT         shift, and go to state 414
    UNGRUCK_RIGHT      shift, and go to state 415
    UNGRUCK_LEFT       shift, and go to state 416

    type_decl_a            go to state 53
    type_decl_b            go to state 54
    type_decl              go to state 319
    arg_list               go to state 442
    overloadable_operator  go to state 443


state 370

  214 overloadable_operator: PLUS .

    $default  reduce using rule 214 (overloadable_operator)


state 371

  215 overloadable_operator: MINUS .

    $default  reduce using rule 215 (overloadable_operator)


state 372

  216 overloadable_operator: TIMES .

    $default  reduce using rule 216 (overloadable_operator)


state 373

  217 overloadable_operator: DIVIDE .

    $default  reduce using rule 217 (overloadable_operator)


state 374

  218 overloadable_operator: PERCENT .

    $default  reduce using rule 218 (overloadable_operator)


state 375

  219 overloadable_operator: EQ .

    $default  reduce using rule 219 (overloadable_operator)


state 376

  220 overloadable_operator: NEQ .

    $default  reduce using rule 220 (overloadable_operator)


state 377

  221 overloadable_operator: LT .

    $default  reduce using rule 221 (overloadable_operator)


state 378

  222 overloadable_operator: LE .

    $default  reduce using rule 222 (overloadable_operator)


state 379

  223 overloadable_operator: GT .

    $default  reduce using rule 223 (overloadable_operator)


state 380

  224 overloadable_operator: GE .

    $default  reduce using rule 224 (overloadable_operator)


state 381

  225 overloadable_operator: AND .

    $default  reduce using rule 225 (overloadable_operator)


state 382

  226 overloadable_operator: OR .

    $default  reduce using rule 226 (overloadable_operator)


state 383

  227 overloadable_operator: ASSIGN .

    $default  reduce using rule 227 (overloadable_operator)


state 384

  228 overloadable_operator: EXCLAMATION .

    $default  reduce using rule 228 (overloadable_operator)


state 385

  229 overloadable_operator: S_OR .

    $default  reduce using rule 229 (overloadable_operator)


state 386

  230 overloadable_operator: S_AND .

    $default  reduce using rule 230 (overloadable_operator)


state 387

  231 overloadable_operator: S_XOR .

    $default  reduce using rule 231 (overloadable_operator)


state 388

  232 overloadable_operator: PLUSPLUS .

    $default  reduce using rule 232 (overloadable_operator)


state 389

  233 overloadable_operator: MINUSMINUS .

    $default  reduce using rule 233 (overloadable_operator)


state 390

  234 overloadable_operator: DOLLAR .

    $default  reduce using rule 234 (overloadable_operator)


state 391

  235 overloadable_operator: ATAT_SYM .

    $default  reduce using rule 235 (overloadable_operator)


state 392

  236 overloadable_operator: PLUS_CHUCK .

    $default  reduce using rule 236 (overloadable_operator)


state 393

  237 overloadable_operator: MINUS_CHUCK .

    $default  reduce using rule 237 (overloadable_operator)


state 394

  238 overloadable_operator: TIMES_CHUCK .

    $default  reduce using rule 238 (overloadable_operator)


state 395

  239 overloadable_operator: DIVIDE_CHUCK .

    $default  reduce using rule 239 (overloadable_operator)


state 396

  240 overloadable_operator: S_AND_CHUCK .

    $default  reduce using rule 240 (overloadable_operator)


state 397

  241 overloadable_operator: S_OR_CHUCK .

    $default  reduce using rule 241 (overloadable_operator)


state 398

  242 overloadable_operator: S_XOR_CHUCK .

    $default  reduce using rule 242 (overloadable_operator)


state 399

  243 overloadable_operator: SHIFT_RIGHT_CHUCK .

    $default  reduce using rule 243 (overloadable_operator)


state 400

  244 overloadable_operator: SHIFT_LEFT_CHUCK .

    $default  reduce using rule 244 (overloadable_operator)


state 401

  245 overloadable_operator: PERCENT_CHUCK .

    $default  reduce using rule 245 (overloadable_operator)


state 402

  246 overloadable_operator: SHIFT_RIGHT .

    $default  reduce using rule 246 (overloadable_operator)


state 403

  247 overloadable_operator: SHIFT_LEFT .

    $default  reduce using rule 247 (overloadable_operator)


state 404

  248 overloadable_operator: TILDA .

    $default  reduce using rule 248 (overloadable_operator)


state 405

  213 overloadable_operator: CHUCK .

    $default  reduce using rule 213 (overloadable_operator)


state 406

  249 overloadable_operator: COLONCOLON .

    $default  reduce using rule 249 (overloadable_operator)


state 407

  250 overloadable_operator: AT_CHUCK .

    $default  reduce using rule 250 (overloadable_operator)


state 408

  251 overloadable_operator: UNCHUCK .

    $default  reduce using rule 251 (overloadable_operator)


state 409

  252 overloadable_operator: UPCHUCK .

    $default  reduce using rule 252 (overloadable_operator)


state 410

  253 overloadable_operator: DOWNCHUCK .

    $default  reduce using rule 253 (overloadable_operator)


state 411

  254 overloadable_operator: ARROW_RIGHT .

    $default  reduce using rule 254 (overloadable_operator)


state 412

  255 overloadable_operator: ARROW_LEFT .

    $default  reduce using rule 255 (overloadable_operator)


state 413

  256 overloadable_operator: GRUCK_RIGHT .

    $default  reduce using rule 256 (overloadable_operator)


state 414

  257 overloadable_operator: GRUCK_LEFT .

    $default  reduce using rule 257 (overloadable_operator)


state 415

  258 overloadable_operator: UNGRUCK_RIGHT .

    $default  reduce using rule 258 (overloadable_operator)


state 416

  259 overloadable_operator: UNGRUCK_LEFT .

    $default  reduce using rule 259 (overloadable_operator)


state 417

   36 function_definition: function_decl static_decl type_decl2 AT_OP overloadable_operator . LPAREN arg_list RPAREN code_segment

    LPAREN  shift, and go to state 444


state 418

  161 conditional_expression: logical_or_expression QUESTION expression COLON conditional_expression .

    $default  reduce using rule 161 (conditional_expression)


state 419

   75 selection_statement: IF LPAREN expression RPAREN statement ELSE . statement

    ID            shift, and go to state 1
    STRING_LIT    shift, and go to state 2
    CHAR_LIT      shift, and go to state 3
    INT_VAL       shift, and go to state 4
    FLOAT_VAL     shift, and go to state 5
    SEMICOLON     shift, and go to state 6
    LPAREN        shift, and go to state 7
    LBRACK        shift, and go to state 8
    LBRACE        shift, and go to state 9
    PLUS          shift, and go to state 10
    MINUS         shift, and go to state 11
    TIMES         shift, and go to state 12
    LT            shift, and go to state 13
    IF            shift, and go to state 14
    WHILE         shift, and go to state 15
    FOR           shift, and go to state 16
    DO            shift, and go to state 17
    LOOP          shift, and go to state 18
    BREAK         shift, and go to state 19
    CONTINUE      shift, and go to state 20
    RETURN        shift, and go to state 22
    EXCLAMATION   shift, and go to state 23
    PLUSPLUS      shift, and go to state 24
    MINUSMINUS    shift, and go to state 25
    POUNDPAREN    shift, and go to state 26
    PERCENTPAREN  shift, and go to state 27
    ATPAREN       shift, and go to state 28
    UNTIL         shift, and go to state 29
    EXTERNAL      shift, and go to state 30
    GLOBAL        shift, and go to state 31
    NEW           shift, and go to state 32
    SIZEOF        shift, and go to state 33
    TYPEOF        shift, and go to state 34
    SAME          shift, and go to state 35
    TILDA         shift, and go to state 36
    DOWNCHUCK     shift, and go to state 37
    STATIC        shift, and go to state 41
    SPORK         shift, and go to state 42
    L_HACK        shift, and go to state 43
    AT_IMPORT     shift, and go to state 44
    AT_DOC        shift, and go to state 45
    AT_EXAMPLE    shift, and go to state 46

    type_decl_a                go to state 53
    type_decl_b                go to state 54
    type_decl                  go to state 55
    statement                  go to state 445
    jump_statement             go to state 58
    selection_statement        go to state 59
    loop_statement             go to state 60
    code_segment               go to state 61
    import_statement           go to state 62
    doc_statement              go to state 63
    example_statement          go to state 64
    expression_statement       go to state 65
    expression                 go to state 66
    chuck_expression           go to state 67
    arrow_expression           go to state 68
    array_exp                  go to state 69
    decl_expression            go to state 70
    complex_exp                go to state 71
    polar_exp                  go to state 72
    vec_exp                    go to state 73
    conditional_expression     go to state 74
    logical_or_expression      go to state 75
    logical_and_expression     go to state 76
    inclusive_or_expression    go to state 77
    exclusive_or_expression    go to state 78
    and_expression             go to state 79
    equality_expression        go to state 80
    relational_expression      go to state 81
    shift_expression           go to state 82
    additive_expression        go to state 83
    multiplicative_expression  go to state 84
    tilda_expression           go to state 85
    cast_expression            go to state 86
    unary_expression           go to state 87
    unary_operator             go to state 88
    dur_expression             go to state 89
    postfix_expression         go to state 90
    primary_expression         go to state 91


state 420

   78 loop_statement: FOR LPAREN expression_statement expression_statement RPAREN statement .

    $default  reduce using rule 78 (loop_statement)


state 421

   79 loop_statement: FOR LPAREN expression_statement expression_statement expression RPAREN . statement

    ID            shift, and go to state 1
    STRING_LIT    shift, and go to state 2
    CHAR_LIT      shift, and go to state 3
    INT_VAL       shift, and go to state 4
    FLOAT_VAL     shift, and go to state 5
    SEMICOLON     shift, and go to state 6
    LPAREN        shift, and go to state 7
    LBRACK        shift, and go to state 8
    LBRACE        shift, and go to state 9
    PLUS          shift, and go to state 10
    MINUS         shift, and go to state 11
    TIMES         shift, and go to state 12
    LT            shift, and go to state 13
    IF            shift, and go to state 14
    WHILE         shift, and go to state 15
    FOR           shift, and go to state 16
    DO            shift, and go to state 17
    LOOP          shift, and go to state 18
    BREAK         shift, and go to state 19
    CONTINUE      shift, and go to state 20
    RETURN        shift, and go to state 22
    EXCLAMATION   shift, and go to state 23
    PLUSPLUS      shift, and go to state 24
    MINUSMINUS    shift, and go to state 25
    POUNDPAREN    shift, and go to state 26
    PERCENTPAREN  shift, and go to state 27
    ATPAREN       shift, and go to state 28
    UNTIL         shift, and go to state 29
    EXTERNAL      shift, and go to state 30
    GLOBAL        shift, and go to state 31
    NEW           shift, and go to state 32
    SIZEOF        shift, and go to state 33
    TYPEOF        shift, and go to state 34
    SAME          shift, and go to state 35
    TILDA         shift, and go to state 36
    DOWNCHUCK     shift, and go to state 37
    STATIC        shift, and go to state 41
    SPORK         shift, and go to state 42
    L_HACK        shift, and go to state 43
    AT_IMPORT     shift, and go to state 44
    AT_DOC        shift, and go to state 45
    AT_EXAMPLE    shift, and go to state 46

    type_decl_a                go to state 53
    type_decl_b                go to state 54
    type_decl                  go to state 55
    statement                  go to state 446
    jump_statement             go to state 58
    selection_statement        go to state 59
    loop_statement             go to state 60
    code_segment               go to state 61
    import_statement           go to state 62
    doc_statement              go to state 63
    example_statement          go to state 64
    expression_statement       go to state 65
    expression                 go to state 66
    chuck_expression           go to state 67
    arrow_expression           go to state 68
    array_exp                  go to state 69
    decl_expression            go to state 70
    complex_exp                go to state 71
    polar_exp                  go to state 72
    vec_exp                    go to state 73
    conditional_expression     go to state 74
    logical_or_expression      go to state 75
    logical_and_expression     go to state 76
    inclusive_or_expression    go to state 77
    exclusive_or_expression    go to state 78
    and_expression             go to state 79
    equality_expression        go to state 80
    relational_expression      go to state 81
    shift_expression           go to state 82
    additive_expression        go to state 83
    multiplicative_expression  go to state 84
    tilda_expression           go to state 85
    cast_expression            go to state 86
    unary_expression           go to state 87
    unary_operator             go to state 88
    dur_expression             go to state 89
    postfix_expression         go to state 90
    primary_expression         go to state 91


state 422

   80 loop_statement: FOR LPAREN expression COLON expression RPAREN . statement

    ID            shift, and go to state 1
    STRING_LIT    shift, and go to state 2
    CHAR_LIT      shift, and go to state 3
    INT_VAL       shift, and go to state 4
    FLOAT_VAL     shift, and go to state 5
    SEMICOLON     shift, and go to state 6
    LPAREN        shift, and go to state 7
    LBRACK        shift, and go to state 8
    LBRACE        shift, and go to state 9
    PLUS          shift, and go to state 10
    MINUS         shift, and go to state 11
    TIMES         shift, and go to state 12
    LT            shift, and go to state 13
    IF            shift, and go to state 14
    WHILE         shift, and go to state 15
    FOR           shift, and go to state 16
    DO            shift, and go to state 17
    LOOP          shift, and go to state 18
    BREAK         shift, and go to state 19
    CONTINUE      shift, and go to state 20
    RETURN        shift, and go to state 22
    EXCLAMATION   shift, and go to state 23
    PLUSPLUS      shift, and go to state 24
    MINUSMINUS    shift, and go to state 25
    POUNDPAREN    shift, and go to state 26
    PERCENTPAREN  shift, and go to state 27
    ATPAREN       shift, and go to state 28
    UNTIL         shift, and go to state 29
    EXTERNAL      shift, and go to state 30
    GLOBAL        shift, and go to state 31
    NEW           shift, and go to state 32
    SIZEOF        shift, and go to state 33
    TYPEOF        shift, and go to state 34
    SAME          shift, and go to state 35
    TILDA         shift, and go to state 36
    DOWNCHUCK     shift, and go to state 37
    STATIC        shift, and go to state 41
    SPORK         shift, and go to state 42
    L_HACK        shift, and go to state 43
    AT_IMPORT     shift, and go to state 44
    AT_DOC        shift, and go to state 45
    AT_EXAMPLE    shift, and go to state 46

    type_decl_a                go to state 53
    type_decl_b                go to state 54
    type_decl                  go to state 55
    statement                  go to state 447
    jump_statement             go to state 58
    selection_statement        go to state 59
    loop_statement             go to state 60
    code_segment               go to state 61
    import_statement           go to state 62
    doc_statement              go to state 63
    example_statement          go to state 64
    expression_statement       go to state 65
    expression                 go to state 66
    chuck_expression           go to state 67
    arrow_expression           go to state 68
    array_exp                  go to state 69
    decl_expression            go to state 70
    complex_exp                go to state 71
    polar_exp                  go to state 72
    vec_exp                    go to state 73
    conditional_expression     go to state 74
    logical_or_expression      go to state 75
    logical_and_expression     go to state 76
    inclusive_or_expression    go to state 77
    exclusive_or_expression    go to state 78
    and_expression             go to state 79
    equality_expression        go to state 80
    relational_expression      go to state 81
    shift_expression           go to state 82
    additive_expression        go to state 83
    multiplicative_expression  go to state 84
    tilda_expression           go to state 85
    cast_expression            go to state 86
    unary_expression           go to state 87
    unary_operator             go to state 88
    dur_expression             go to state 89
    postfix_expression         go to state 90
    primary_expression         go to state 91


state 423

   77 loop_statement: DO statement WHILE LPAREN expression RPAREN . SEMICOLON

    SEMICOLON  shift, and go to state 448


state 424

   82 loop_statement: DO statement UNTIL LPAREN expression RPAREN . SEMICOLON

    SEMICOLON  shift, and go to state 449


state 425

  205 unary_expression: NEW type_decl LPAREN expression RPAREN array_exp .

    $default  reduce using rule 205 (unary_expression)


state 426

  135 var_decl: ID LPAREN expression RPAREN array_exp .

    $default  reduce using rule 135 (var_decl)


state 427

    6 class_definition: class_decl CLASS id_list LBRACE class_body RBRACE .

    $default  reduce using rule 6 (class_definition)


state 428

   17 class_body2: class_section class_body2 .

    $default  reduce using rule 17 (class_body2)


state 429

   13 class_ext: EXTENDS id_dot IMPLEMENTS . id_list

    ID  shift, and go to state 246

    id_list  go to state 450


state 430

   11 class_ext: IMPLEMENTS id_list EXTENDS . id_dot

    ID  shift, and go to state 98

    id_dot  go to state 451


state 431

    7 class_definition: class_decl CLASS id_list class_ext LBRACE class_body . RBRACE

    RBRACE  shift, and go to state 452


state 432

    8 class_definition: class_decl INTERFACE id_list LBRACE class_body RBRACE .

    $default  reduce using rule 8 (class_definition)


state 433

    9 class_definition: class_decl INTERFACE id_list iface_ext LBRACE class_body . RBRACE

    RBRACE  shift, and go to state 453


state 434

   59 arg_list: type_decl var_decl COMMA . arg_list

    ID  shift, and go to state 116
    LT  shift, and go to state 13

    type_decl_a  go to state 53
    type_decl_b  go to state 54
    type_decl    go to state 319
    arg_list     go to state 454


state 435

   30 function_definition: function_decl AT_CTOR LPAREN arg_list RPAREN code_segment .

    $default  reduce using rule 30 (function_definition)


state 436

   33 function_definition: function_decl AT_DTOR LPAREN arg_list RPAREN code_segment .

    $default  reduce using rule 33 (function_definition)


state 437

   29 function_definition: function_decl static_decl ID LPAREN RPAREN code_segment .

    $default  reduce using rule 29 (function_definition)


state 438

   28 function_definition: function_decl static_decl ID LPAREN arg_list RPAREN . code_segment

    LBRACE  shift, and go to state 9

    code_segment  go to state 455


state 439

   27 function_definition: function_decl static_decl type_decl2 ID LPAREN RPAREN . code_segment
   35                    | function_decl static_decl type_decl2 ID LPAREN RPAREN . SEMICOLON

    SEMICOLON  shift, and go to state 456
    LBRACE     shift, and go to state 9

    code_segment  go to state 457


state 440

   26 function_definition: function_decl static_decl type_decl2 ID LPAREN arg_list . RPAREN code_segment
   34                    | function_decl static_decl type_decl2 ID LPAREN arg_list . RPAREN SEMICOLON

    RPAREN  shift, and go to state 458


state 441

   52 type_decl_b: LT . id_dot GT
   53            | LT . id_dot GT AT_SYM
  221 overloadable_operator: LT .

    ID  shift, and go to state 98

    $default  reduce using rule 221 (overloadable_operator)

    id_dot  go to state 99


state 442

   37 function_definition: function_decl static_decl type_decl2 AT_OP LPAREN arg_list . RPAREN overloadable_operator code_segment
   39                    | function_decl static_decl type_decl2 AT_OP LPAREN arg_list . RPAREN LPAREN overloadable_operator RPAREN code_segment

    RPAREN  shift, and go to state 459


state 443

   38 function_definition: function_decl static_decl type_decl2 AT_OP LPAREN overloadable_operator . RPAREN LPAREN arg_list RPAREN code_segment

    RPAREN  shift, and go to state 460


state 444

   36 function_definition: function_decl static_decl type_decl2 AT_OP overloadable_operator LPAREN . arg_list RPAREN code_segment

    ID  shift, and go to state 116
    LT  shift, and go to state 13

    type_decl_a  go to state 53
    type_decl_b  go to state 54
    type_decl    go to state 319
    arg_list     go to state 461


state 445

   75 selection_statement: IF LPAREN expression RPAREN statement ELSE statement .

    $default  reduce using rule 75 (selection_statement)


state 446

   79 loop_statement: FOR LPAREN expression_statement expression_statement expression RPAREN statement .

    $default  reduce using rule 79 (loop_statement)


state 447

   80 loop_statement: FOR LPAREN expression COLON expression RPAREN statement .

    $default  reduce using rule 80 (loop_statement)


state 448

   77 loop_statement: DO statement WHILE LPAREN expression RPAREN SEMICOLON .

    $default  reduce using rule 77 (loop_statement)


state 449

   82 loop_statement: DO statement UNTIL LPAREN expression RPAREN SEMICOLON .

    $default  reduce using rule 82 (loop_statement)


state 450

   13 class_ext: EXTENDS id_dot IMPLEMENTS id_list .

    $default  reduce using rule 13 (class_ext)


state 451

   11 class_ext: IMPLEMENTS id_list EXTENDS id_dot .

    $default  reduce using rule 11 (class_ext)


state 452

    7 class_definition: class_decl CLASS id_list class_ext LBRACE class_body RBRACE .

    $default  reduce using rule 7 (class_definition)


state 453

    9 class_definition: class_decl INTERFACE id_list iface_ext LBRACE class_body RBRACE .

    $default  reduce using rule 9 (class_definition)


state 454

   59 arg_list: type_decl var_decl COMMA arg_list .

    $default  reduce using rule 59 (arg_list)


state 455

   28 function_definition: function_decl static_decl ID LPAREN arg_list RPAREN code_segment .

    $default  reduce using rule 28 (function_definition)


state 456

   35 function_definition: function_decl static_decl type_decl2 ID LPAREN RPAREN SEMICOLON .

    $default  reduce using rule 35 (function_definition)


state 457

   27 function_definition: function_decl static_decl type_decl2 ID LPAREN RPAREN code_segment .

    $default  reduce using rule 27 (function_definition)


state 458

   26 function_definition: function_decl static_decl type_decl2 ID LPAREN arg_list RPAREN . code_segment
   34                    | function_decl static_decl type_decl2 ID LPAREN arg_list RPAREN . SEMICOLON

    SEMICOLON  shift, and go to state 462
    LBRACE     shift, and go to state 9

    code_segment  go to state 463


state 459

   37 function_definition: function_decl static_decl type_decl2 AT_OP LPAREN arg_list RPAREN . overloadable_operator code_segment
   39                    | function_decl static_decl type_decl2 AT_OP LPAREN arg_list RPAREN . LPAREN overloadable_operator RPAREN code_segment

    LPAREN             shift, and go to state 464
    PLUS               shift, and go to state 370
    MINUS              shift, and go to state 371
    TIMES              shift, and go to state 372
    DIVIDE             shift, and go to state 373
    PERCENT            shift, and go to state 374
    EQ                 shift, and go to state 375
    NEQ                shift, and go to state 376
    LT                 shift, and go to state 377
    LE                 shift, and go to state 378
    GT                 shift, and go to state 379
    GE                 shift, and go to state 380
    AND                shift, and go to state 381
    OR                 shift, and go to state 382
    ASSIGN             shift, and go to state 383
    EXCLAMATION        shift, and go to state 384
    S_OR               shift, and go to state 385
    S_AND              shift, and go to state 386
    S_XOR              shift, and go to state 387
    PLUSPLUS           shift, and go to state 388
    MINUSMINUS         shift, and go to state 389
    DOLLAR             shift, and go to state 390
    ATAT_SYM           shift, and go to state 391
    PLUS_CHUCK         shift, and go to state 392
    MINUS_CHUCK        shift, and go to state 393
    TIMES_CHUCK        shift, and go to state 394
    DIVIDE_CHUCK       shift, and go to state 395
    S_AND_CHUCK        shift, and go to state 396
    S_OR_CHUCK         shift, and go to state 397
    S_XOR_CHUCK        shift, and go to state 398
    SHIFT_RIGHT_CHUCK  shift, and go to state 399
    SHIFT_LEFT_CHUCK   shift, and go to state 400
    PERCENT_CHUCK      shift, and go to state 401
    SHIFT_RIGHT        shift, and go to state 402
    SHIFT_LEFT         shift, and go to state 403
    TILDA              shift, and go to state 404
    CHUCK              shift, and go to state 405
    COLONCOLON         shift, and go to state 406
    AT_CHUCK           shift, and go to state 407
    UNCHUCK            shift, and go to state 408
    UPCHUCK            shift, and go to state 409
    DOWNCHUCK          shift, and go to state 410
    ARROW_RIGHT        shift, and go to state 411
    ARROW_LEFT         shift, and go to state 412
    GRUCK_RIGHT        shift, and go to state 413
    GRUCK_LEFT         shift, and go to state 414
    UNGRUCK_RIGHT      shift, and go to state 415
    UNGRUCK_LEFT       shift, and go to state 416

    overloadable_operator  go to state 465


state 460

   38 function_definition: function_decl static_decl type_decl2 AT_OP LPAREN overloadable_operator RPAREN . LPAREN arg_list RPAREN code_segment

    LPAREN  shift, and go to state 466


state 461

   36 function_definition: function_decl static_decl type_decl2 AT_OP overloadable_operator LPAREN arg_list . RPAREN code_segment

    RPAREN  shift, and go to state 467


state 462

   34 function_definition: function_decl static_decl type_decl2 ID LPAREN arg_list RPAREN SEMICOLON .

    $default  reduce using rule 34 (function_definition)


state 463

   26 function_definition: function_decl static_decl type_decl2 ID LPAREN arg_list RPAREN code_segment .

    $default  reduce using rule 26 (function_definition)


state 464

   39 function_definition: function_decl static_decl type_decl2 AT_OP LPAREN arg_list RPAREN LPAREN . overloadable_operator RPAREN code_segment

    PLUS               shift, and go to state 370
    MINUS              shift, and go to state 371
    TIMES              shift, and go to state 372
    DIVIDE             shift, and go to state 373
    PERCENT            shift, and go to state 374
    EQ                 shift, and go to state 375
    NEQ                shift, and go to state 376
    LT                 shift, and go to state 377
    LE                 shift, and go to state 378
    GT                 shift, and go to state 379
    GE                 shift, and go to state 380
    AND                shift, and go to state 381
    OR                 shift, and go to state 382
    ASSIGN             shift, and go to state 383
    EXCLAMATION        shift, and go to state 384
    S_OR               shift, and go to state 385
    S_AND              shift, and go to state 386
    S_XOR              shift, and go to state 387
    PLUSPLUS           shift, and go to state 388
    MINUSMINUS         shift, and go to state 389
    DOLLAR             shift, and go to state 390
    ATAT_SYM           shift, and go to state 391
    PLUS_CHUCK         shift, and go to state 392
    MINUS_CHUCK        shift, and go to state 393
    TIMES_CHUCK        shift, and go to state 394
    DIVIDE_CHUCK       shift, and go to state 395
    S_AND_CHUCK        shift, and go to state 396
    S_OR_CHUCK         shift, and go to state 397
    S_XOR_CHUCK        shift, and go to state 398
    SHIFT_RIGHT_CHUCK  shift, and go to state 399
    SHIFT_LEFT_CHUCK   shift, and go to state 400
    PERCENT_CHUCK      shift, and go to state 401
    SHIFT_RIGHT        shift, and go to state 402
    SHIFT_LEFT         shift, and go to state 403
    TILDA              shift, and go to state 404
    CHUCK              shift, and go to state 405
    COLONCOLON         shift, and go to state 406
    AT_CHUCK           shift, and go to state 407
    UNCHUCK            shift, and go to state 408
    UPCHUCK            shift, and go to state 409
    DOWNCHUCK          shift, and go to state 410
    ARROW_RIGHT        shift, and go to state 411
    ARROW_LEFT         shift, and go to state 412
    GRUCK_RIGHT        shift, and go to state 413
    GRUCK_LEFT         shift, and go to state 414
    UNGRUCK_RIGHT      shift, and go to state 415
    UNGRUCK_LEFT       shift, and go to state 416

    overloadable_operator  go to state 468


state 465

   37 function_definition: function_decl static_decl type_decl2 AT_OP LPAREN arg_list RPAREN overloadable_operator . code_segment

    LBRACE  shift, and go to state 9

    code_segment  go to state 469


state 466

   38 function_definition: function_decl static_decl type_decl2 AT_OP LPAREN overloadable_operator RPAREN LPAREN . arg_list RPAREN code_segment

    ID  shift, and go to state 116
    LT  shift, and go to state 13

    type_decl_a  go to state 53
    type_decl_b  go to state 54
    type_decl    go to state 319
    arg_list     go to state 470


state 467

   36 function_definition: function_decl static_decl type_decl2 AT_OP overloadable_operator LPAREN arg_list RPAREN . code_segment

    LBRACE  shift, and go to state 9

    code_segment  go to state 471


state 468

   39 function_definition: function_decl static_decl type_decl2 AT_OP LPAREN arg_list RPAREN LPAREN overloadable_operator . RPAREN code_segment

    RPAREN  shift, and go to state 472


state 469

   37 function_definition: function_decl static_decl type_decl2 AT_OP LPAREN arg_list RPAREN overloadable_operator code_segment .

    $default  reduce using rule 37 (function_definition)


state 470

   38 function_definition: function_decl static_decl type_decl2 AT_OP LPAREN overloadable_operator RPAREN LPAREN arg_list . RPAREN code_segment

    RPAREN  shift, and go to state 473


state 471

   36 function_definition: function_decl static_decl type_decl2 AT_OP overloadable_operator LPAREN arg_list RPAREN code_segment .

    $default  reduce using rule 36 (function_definition)


state 472

   39 function_definition: function_decl static_decl type_decl2 AT_OP LPAREN arg_list RPAREN LPAREN overloadable_operator RPAREN . code_segment

    LBRACE  shift, and go to state 9

    code_segment  go to state 474


state 473

   38 function_definition: function_decl static_decl type_decl2 AT_OP LPAREN overloadable_operator RPAREN LPAREN arg_list RPAREN . code_segment

    LBRACE  shift, and go to state 9

    code_segment  go to state 475


state 474

   39 function_definition: function_decl static_decl type_decl2 AT_OP LPAREN arg_list RPAREN LPAREN overloadable_operator RPAREN code_segment .

    $default  reduce using rule 39 (function_definition)


state 475

   38 function_definition: function_decl static_decl type_decl2 AT_OP LPAREN overloadable_operator RPAREN LPAREN arg_list RPAREN code_segment .

    $default  reduce using rule 38 (function_definition)
